<?xml version="1.0" encoding="UTF-8"?>
<DecviceAbility version="2.0"><BasicCapability version="2.0"><HardwareCapability><HardwareVersion>0x0</HardwareVersion><AlarmInPortNum>8</AlarmInPortNum><AlarmOutPortNum>8</AlarmOutPortNum><RS232Num>1</RS232Num><RS485Num>1</RS485Num><NetworkPortNum>1</NetworkPortNum><FlashSize>16</FlashSize><RamSize>128</RamSize><VideoOutNum>2</VideoOutNum><AudioOutNum>2</AudioOutNum><AudioTalkNum>1</AudioTalkNum><VideoOutSupport>1</VideoOutSupport><VGANumber>1</VGANumber><CVBSNumber>1</CVBSNumber></HardwareCapability><SoftwareCapability><NtpSupport>1</NtpSupport><PtzSupport>1</PtzSupport><DDNSSupport>1</DDNSSupport><DDNSHostType>0,1,2,3</DDNSHostType><SADPVersion>0,1</SADPVersion><MaxLoginNum>128</MaxLoginNum><RS232Config>1</RS232Config><NotSupportDiskQuota>1</NotSupportDiskQuota><NeedReboot><ImportConfigurationFileReboot>1</ImportConfigurationFileReboot><RestoreConfig>2</RestoreConfig><RS232workModeChange>1</RS232workModeChange><DhcpEnableChange>1</DhcpEnableChange></NeedReboot></SoftwareCapability></BasicCapability><SerialAbility version="2.0"><RS232><RS232Num>1</RS232Num><RS232Entry><baudRate opt="50,75,110,150,300,600,1200,2400,4800,9600,19200,38400,57600,115.2k"/><dataBit opt="5,6,7,8"/><stopBit opt="1,2"/><parity opt="none,odd,even"/><flowcontrol opt="none,hard,soft"/><workMode opt="console,transparentChan"/></RS232Entry></RS232><RS485><RS485Num>1</RS485Num><RS485Entry><baudRate opt="50,75,110,150,300,600,1200,2400,4800,9600,19200,38400,57600,115.2k"/><dataBit opt="5,6,7,8"/><stopBit opt="1,2"/><parity opt="none,odd,even"/><flowcontrol opt="none,hard,soft"/><decoderAddress min="0" max="255"/></RS485Entry></RS485></SerialAbility><UserAbility version="2.0"><userNum>32</userNum><userNameLength min="1" max="32"/><userPasswordLength min="1" max="16"/><RemotePermission><permissionType opt="preview, voiceTalk, alarmOutOrUpload, transParentChannel, PTZControl,playback,parameterConfig,logOrStateCheck,restartOrShutdown,upgrade"/></RemotePermission><UserNet><IPV4Address>true</IPV4Address><MACAddress>true</MACAddress></UserNet><Net><NetworkInterface><networkInterfaceNum>1</networkInterfaceNum><NetworkInterfaceEntry><id>1</id><type opt="10Mbase-T,10MBase-T-full,100MBase-TX,100M-full,10M/100M/1000M-adapt,1000M-full"/><MTU min="500" max="1500"/></NetworkInterfaceEntry></NetworkInterface></Net></UserAbility><DecoderAbility version="2.0"><DecodeResource><decodeChanNo min="1" max="4"/><dspNum>1</dspNum><DecodeResourceEntry><id>1</id><decodeResolution>CIF</decodeResolution><validDecodeChanNum>4</validDecodeChanNum><DecodeChanSelectEntry><decodeChanRange min="1" max="4"/><validRangeChanNum>4</validRangeChanNum></DecodeChanSelectEntry></DecodeResourceEntry><DecodeResourceEntry><id>2</id><decodeResolution>4CIF</decodeResolution><validDecodeChanNum>1</validDecodeChanNum><DecodeChanSelectEntry><decodeChanRange min="1" max="4"/><validRangeChanNum>1</validRangeChanNum></DecodeChanSelectEntry></DecodeResourceEntry></DecodeResource><VoutResource><videoOutNum>2</videoOutNum><audioOutNum>2</audioOutNum><VoutResourceEntry><id>1</id><voutType>bnc</voutType><voutNo min="9" max="9"/><Audio><enabled>true</enabled></Audio><VoutChanDisplayEntry><voutName>bnc1</voutName><voutID>9</voutID><displayWindowMode opt="1,2,4"/><relatedDecodeChan min="1" max="4"/></VoutChanDisplayEntry></VoutResourceEntry><VoutResourceEntry><id>2</id><voutType>vga</voutType><voutNo min="1" max="1"/><Audio><enabled>true</enabled></Audio><VoutResolutionEntry><resolutionName>XGA_60HZ(1024*768)</resolutionName><index>3</index></VoutResolutionEntry><VoutResolutionEntry><resolutionName>SXGA_60HZ(1280*1024)</resolutionName><index>5</index></VoutResolutionEntry><VoutResolutionEntry><resolutionName>720P_60HZ(1280*720)</resolutionName><index>6</index></VoutResolutionEntry><VoutChanDisplayEntry><voutName>vga1</voutName><voutID>1</voutID><displayWindowMode opt="1,2,4"/><relatedDecodeChan min="1" max="4"/></VoutChanDisplayEntry></VoutResourceEntry></VoutResource><uploadLogoMode opt="decodeChan"/><decodeDelay opt="1,2,3,4,5"/></DecoderAbility></DecviceAbility>
