<?xml version="1.0" encoding="UTF-8"?>
<DecviceAbility version="2.0"><BasicCapability version="2.0"><HardwareCapability><HardwareVersion>0x0</HardwareVersion><AlarmInPortNum>4</AlarmInPortNum><AlarmOutPortNum>4</AlarmOutPortNum><RS232Num>1</RS232Num><RS485Num>1</RS485Num><NetworkPortNum>1</NetworkPortNum><FlashSize>512</FlashSize><RamSize>1024</RamSize><VideoOutNum>20</VideoOutNum><AudioOutNum>8</AudioOutNum><AudioTalkNum>1</AudioTalkNum><VideoOutSupport>1</VideoOutSupport><VGANumber>8</VGANumber><HDMINumber>8</HDMINumber><CVBSNumber>4</CVBSNumber></HardwareCapability><SoftwareCapability><NtpSupport>1</NtpSupport><PtzSupport>1</PtzSupport><DDNSSupport>1</DDNSSupport><DDNSHostType>0,1,2,3</DDNSHostType><SADPVersion>0,1</SADPVersion><MaxLoginNum>128</MaxLoginNum><RS232Config>1</RS232Config><NotSupportDiskQuota>1</NotSupportDiskQuota><NeedReboot><ImportConfigurationFileReboot>1</ImportConfigurationFileReboot><RestoreConfig>2</RestoreConfig><RS232workModeChange>1</RS232workModeChange><DhcpEnableChange>1</DhcpEnableChange></NeedReboot></SoftwareCapability></BasicCapability><SerialAbility version="2.0"><RS232><RS232Num>1</RS232Num><RS232Entry><baudRate opt="50,75,110,150,300,600,1200,2400,4800,9600,19200,38400,57600,115.2k"/><dataBit opt="5,6,7,8"/><stopBit opt="1,2"/><parity opt="none,odd,even"/><flowcontrol opt="none,hard,soft"/><workMode opt="console,transparentChan"/></RS232Entry></RS232><RS485><RS485Num>1</RS485Num><RS485Entry><baudRate opt="50,75,110,150,300,600,1200,2400,4800,9600,19200,38400,57600,115.2k"/><dataBit opt="5,6,7,8"/><stopBit opt="1,2"/><parity opt="none,odd,even"/><flowcontrol opt="none,hard,soft"/><decoderAddress min="0" max="255"/></RS485Entry></RS485></SerialAbility><UserAbility version="2.0"><userNum>32</userNum><userNameLength min="1" max="32"/><userPasswordLength min="1" max="16"/><RemotePermission><permissionType opt="preview, voiceTalk, alarmOutOrUpload, transParentChannel, PTZControl,playback,parameterConfig,logOrStateCheck,restartOrShutdown,upgrade"/></RemotePermission><UserNet><IPV4Address>true</IPV4Address><MACAddress>true</MACAddress></UserNet><Net><NetworkInterface><networkInterfaceNum>1</networkInterfaceNum><NetworkInterfaceEntry><id>1</id><type opt="10Mbase-T,10MBase-T-full,100MBase-TX,100M-full,10M/100M/1000M-adapt,1000M-full"/><MTU min="500" max="1500"/></NetworkInterfaceEntry></NetworkInterface></Net></UserAbility><DecoderAbility version="2.0"><DecodeResource><decodeChanNo min="1" max="32"/><dspNum>4</dspNum><DecodeResourceEntry><id>1</id><decodeResolution>CIF</decodeResolution><validDecodeChanNum>32</validDecodeChanNum><DecodeChanSelectEntry><decodeChanRange min="1" max="32"/><validRangeChanNum>32</validRangeChanNum></DecodeChanSelectEntry></DecodeResourceEntry><DecodeResourceEntry><id>2</id><decodeResolution>4CIF</decodeResolution><validDecodeChanNum>32</validDecodeChanNum><DecodeChanSelectEntry><decodeChanRange min="1" max="32"/><validRangeChanNum>32</validRangeChanNum></DecodeChanSelectEntry></DecodeResourceEntry><DecodeResourceEntry><id>3</id><decodeResolution>720P</decodeResolution><validDecodeChanNum>16</validDecodeChanNum><DecodeChanSelectEntry><decodeChanRange min="1" max="8"/><validRangeChanNum>4</validRangeChanNum></DecodeChanSelectEntry><DecodeChanSelectEntry><decodeChanRange min="9" max="16"/><validRangeChanNum>4</validRangeChanNum></DecodeChanSelectEntry><DecodeChanSelectEntry><decodeChanRange min="17" max="24"/><validRangeChanNum>4</validRangeChanNum></DecodeChanSelectEntry><DecodeChanSelectEntry><decodeChanRange min="25" max="32"/><validRangeChanNum>4</validRangeChanNum></DecodeChanSelectEntry></DecodeResourceEntry><DecodeResourceEntry><id>4</id><decodeResolution>1080P</decodeResolution><validDecodeChanNum>8</validDecodeChanNum><DecodeChanSelectEntry><decodeChanRange min="1" max="8"/><validRangeChanNum>2</validRangeChanNum></DecodeChanSelectEntry><DecodeChanSelectEntry><decodeChanRange min="9" max="16"/><validRangeChanNum>2</validRangeChanNum></DecodeChanSelectEntry><DecodeChanSelectEntry><decodeChanRange min="17" max="24"/><validRangeChanNum>2</validRangeChanNum></DecodeChanSelectEntry><DecodeChanSelectEntry><decodeChanRange min="25" max="32"/><validRangeChanNum>2</validRangeChanNum></DecodeChanSelectEntry></DecodeResourceEntry><DecodeResourceEntry><id>5</id><decodeResolution>500W</decodeResolution><validDecodeChanNum>4</validDecodeChanNum><DecodeChanSelectEntry><decodeChanRange min="1" max="8"/><validRangeChanNum>1</validRangeChanNum></DecodeChanSelectEntry><DecodeChanSelectEntry><decodeChanRange min="9" max="16"/><validRangeChanNum>1</validRangeChanNum></DecodeChanSelectEntry><DecodeChanSelectEntry><decodeChanRange min="17" max="24"/><validRangeChanNum>1</validRangeChanNum></DecodeChanSelectEntry><DecodeChanSelectEntry><decodeChanRange min="25" max="32"/><validRangeChanNum>1</validRangeChanNum></DecodeChanSelectEntry></DecodeResourceEntry></DecodeResource><VoutResource><videoOutNum>20</videoOutNum><audioOutNum>8</audioOutNum><VoutResourceEntry><id>1</id><voutType>bnc</voutType><voutNo min="17" max="20"/><VoutChanDisplayEntry><voutName>bnc1</voutName><voutID>17</voutID><displayWindowMode opt="1,4,9,16"/><relatedDecodeChan min="1" max="32"/></VoutChanDisplayEntry><VoutChanDisplayEntry><voutName>bnc2</voutName><voutID>18</voutID><displayWindowMode opt="1,4,9,16"/><relatedDecodeChan min="1" max="32"/></VoutChanDisplayEntry><VoutChanDisplayEntry><voutName>bnc3</voutName><voutID>19</voutID><displayWindowMode opt="1,4,9,16"/><relatedDecodeChan min="1" max="32"/></VoutChanDisplayEntry><VoutChanDisplayEntry><voutName>bnc4</voutName><voutID>20</voutID><displayWindowMode opt="1,4,9,16"/><relatedDecodeChan min="1" max="32"/></VoutChanDisplayEntry></VoutResourceEntry><VoutResourceEntry><id>2</id><voutType>vga</voutType><voutNo min="1" max="8"/><Audio><enabled>true</enabled></Audio><VoutResolutionEntry><resolutionName>XGA_60HZ(1024*768)</resolutionName><index>67207228</index></VoutResolutionEntry><VoutResolutionEntry><resolutionName>SXGA_60HZ(1280*1024)</resolutionName><index>84017212</index></VoutResolutionEntry><VoutResolutionEntry><resolutionName>720P_60HZ(1280*720)</resolutionName><index>83978300</index></VoutResolutionEntry><VoutResolutionEntry><resolutionName>720P_50HZ(1280*720)</resolutionName><index>83978290</index></VoutResolutionEntry><VoutResolutionEntry><resolutionName>1080P_60HZ(1280*1080)</resolutionName><index>125967420</index></VoutResolutionEntry><VoutResolutionEntry><resolutionName>1080P_50HZ(1280*1080)</resolutionName><index>125967410</index></VoutResolutionEntry><VoutResolutionEntry><resolutionName>UXGA_60HZ(1600*1200)</resolutionName><index>105011260</index></VoutResolutionEntry><VoutChanDisplayEntry><voutName>vga1</voutName><voutID>1</voutID><displayWindowMode opt="1,4,9,16"/><relatedDecodeChan min="1" max="32"/></VoutChanDisplayEntry><VoutChanDisplayEntry><voutName>vga2</voutName><voutID>2</voutID><displayWindowMode opt="1,4,9,16"/><relatedDecodeChan min="1" max="32"/></VoutChanDisplayEntry><VoutChanDisplayEntry><voutName>vga3</voutName><voutID>3</voutID><displayWindowMode opt="1,4,9,16"/><relatedDecodeChan min="1" max="32"/></VoutChanDisplayEntry><VoutChanDisplayEntry><voutName>vga4</voutName><voutID>4</voutID><displayWindowMode opt="1,4,9,16"/><relatedDecodeChan min="1" max="32"/></VoutChanDisplayEntry><VoutChanDisplayEntry><voutName>vga5</voutName><voutID>5</voutID><displayWindowMode opt="1,4,9,16"/><relatedDecodeChan min="1" max="32"/></VoutChanDisplayEntry><VoutChanDisplayEntry><voutName>vga6</voutName><voutID>6</voutID><displayWindowMode opt="1,4,9,16"/><relatedDecodeChan min="1" max="32"/></VoutChanDisplayEntry><VoutChanDisplayEntry><voutName>vga7</voutName><voutID>7</voutID><displayWindowMode opt="1,4,9,16"/><relatedDecodeChan min="1" max="32"/></VoutChanDisplayEntry><VoutChanDisplayEntry><voutName>vga8</voutName><voutID>8</voutID><displayWindowMode opt="1,4,9,16"/><relatedDecodeChan min="1" max="32"/></VoutChanDisplayEntry></VoutResourceEntry><VoutResourceEntry><id>3</id><voutType>hdmi</voutType><voutNo min="49" max="56"/><Audio><enabled>true</enabled></Audio><VoutResolutionEntry><resolutionName>NOT_AVALIABLE</resolutionName><index>0</index></VoutResolutionEntry><VoutResolutionEntry><resolutionName>XGA_60HZ(1024*768)</resolutionName><index>67207228</index></VoutResolutionEntry><VoutResolutionEntry><resolutionName>SXGA_60HZ(1280*1024)</resolutionName><index>84017212</index></VoutResolutionEntry><VoutResolutionEntry><resolutionName>720P_60HZ(1280*720)</resolutionName><index>83978300</index></VoutResolutionEntry><VoutResolutionEntry><resolutionName>720P_50HZ(1280*720)</resolutionName><index>83978290</index></VoutResolutionEntry><VoutResolutionEntry><resolutionName>1080P_60HZ(1920*1080)</resolutionName><index>125967420</index></VoutResolutionEntry><VoutResolutionEntry><resolutionName>1080P_50HZ(1920*1080)</resolutionName><index>125967410</index></VoutResolutionEntry><VoutResolutionEntry><resolutionName>UXGA_60HZ(1600*1200)</resolutionName><index>105011260</index></VoutResolutionEntry><VoutChanDisplayEntry><voutName>hdmi1</voutName><voutID>49</voutID><displayWindowMode opt="1,4,9,16"/><relatedDecodeChan min="1" max="32"/></VoutChanDisplayEntry><VoutChanDisplayEntry><voutName>hdmi2</voutName><voutID>50</voutID><displayWindowMode opt="1,4,9,16"/><relatedDecodeChan min="1" max="32"/></VoutChanDisplayEntry><VoutChanDisplayEntry><voutName>hdmi3</voutName><voutID>51</voutID><displayWindowMode opt="1,4,9,16"/><relatedDecodeChan min="1" max="32"/></VoutChanDisplayEntry><VoutChanDisplayEntry><voutName>hdmi4</voutName><voutID>52</voutID><displayWindowMode opt="1,4,9,16"/><relatedDecodeChan min="1" max="32"/></VoutChanDisplayEntry><VoutChanDisplayEntry><voutName>hdmi5</voutName><voutID>53</voutID><displayWindowMode opt="1,4,9,16"/><relatedDecodeChan min="1" max="32"/></VoutChanDisplayEntry><VoutChanDisplayEntry><voutName>hdmi6</voutName><voutID>54</voutID><displayWindowMode opt="1,4,9,16"/><relatedDecodeChan min="1" max="32"/></VoutChanDisplayEntry><VoutChanDisplayEntry><voutName>hdmi7</voutName><voutID>55</voutID><displayWindowMode opt="1,4,9,16"/><relatedDecodeChan min="1" max="32"/></VoutChanDisplayEntry><VoutChanDisplayEntry><voutName>hdmi8</voutName><voutID>56</voutID><displayWindowMode opt="1,4,9,16"/><relatedDecodeChan min="1" max="32"/></VoutChanDisplayEntry></VoutResourceEntry></VoutResource><VoutDisplayConstraint><voutDisplayChanNum>12</voutDisplayChanNum><voutDisplayChanEntry><voutDisplayChanType opt="vga1,hdmi1"/><validChanNum>1</validChanNum></voutDisplayChanEntry><voutDisplayChanEntry><voutDisplayChanType opt="vga2,hdmi2"/><validChanNum>1</validChanNum></voutDisplayChanEntry><voutDisplayChanEntry><voutDisplayChanType opt="vga3,hdmi3"/><validChanNum>1</validChanNum></voutDisplayChanEntry><voutDisplayChanEntry><voutDisplayChanType opt="vga4,hdmi4"/><validChanNum>1</validChanNum></voutDisplayChanEntry><voutDisplayChanEntry><voutDisplayChanType opt="vga5,hdmi5"/><validChanNum>1</validChanNum></voutDisplayChanEntry><voutDisplayChanEntry><voutDisplayChanType opt="vga6,hdmi6"/><validChanNum>1</validChanNum></voutDisplayChanEntry><voutDisplayChanEntry><voutDisplayChanType opt="vga7,hdmi7"/><validChanNum>1</validChanNum></voutDisplayChanEntry><voutDisplayChanEntry><voutDisplayChanType opt="vga8,hdmi8"/><validChanNum>1</validChanNum></voutDisplayChanEntry><voutDisplayChanEntry><voutDisplayChanType opt="bnc1,bcn2,bnc3,bnc4"/><validChanNum>4</validChanNum></voutDisplayChanEntry></VoutDisplayConstraint><uploadLogoMode opt="decodeChan"/><decodeDelay opt="1,2,3,4,5"/></DecoderAbility></DecviceAbility>
