<?xml version="1.0" encoding="UTF-8"?>
<DecviceAbility version="2.0"><BasicCapability version="2.0"><HardwareCapability><HardwareVersion>0x0</HardwareVersion><AlarmInPortNum>4</AlarmInPortNum><AlarmOutPortNum>4</AlarmOutPortNum><RS232Num>1</RS232Num><RS485Num>1</RS485Num><NetworkPortNum>1</NetworkPortNum><VideoOutNum>12</VideoOutNum><VideoOutSupport>1</VideoOutSupport><VGANumber>4</VGANumber></HardwareCapability><SoftwareCapability><NtpSupport>1</NtpSupport><PtzSupport>1</PtzSupport><DDNSSupport>1</DDNSSupport><DDNSHostType>0,1,2,3</DDNSHostType><SADPVersion>0,1</SADPVersion><MaxLoginNum>128</MaxLoginNum><RS232Config>1</RS232Config><NotSupportDiskQuota>1</NotSupportDiskQuota><NeedReboot><ImportConfigurationFileReboot>1</ImportConfigurationFileReboot><RestoreConfig>1</RestoreConfig><RS232workModeChange>1</RS232workModeChange></NeedReboot></SoftwareCapability></BasicCapability><SerialAbility version="2.0"><RS232><RS232Num>1</RS232Num><RS232Entry><baudRate opt="110,300,600,1200,2400,4800,9600,19200,38400,57600,115.2k"/><dataBit opt="5,6,7,8"/><stopBit opt="1,2"/><parity opt="none,odd,even"/><flowcontrol opt="none,hard,soft"/><workMode opt="console,transparentChan"/></RS232Entry></RS232><RS485><RS485Num>1</RS485Num><RS485Entry><baudRate opt="110,300,600,1200,2400,4800,9600,19200,38400,57600,115.2k"/><dataBit opt="5,6,7,8"/><stopBit opt="1,2"/><parity opt="none,odd,even"/><flowcontrol opt="none,hard,soft"/><decoderAddress min="0" max="255"/></RS485Entry></RS485></SerialAbility><UserAbility version="2.0"><userNum>32</userNum><userNameLength min="1" max="32"/><userPasswordLength min="1" max="16"/><RemotePermission><permissionType opt="preview, alarmOutOrUpload, transParentChannel, PTZControl,playback,parameterConfig,logOrStateCheck,restartOrShutdown,upgrade"/></RemotePermission><UserNet><IPV4Address>true</IPV4Address><MACAddress>true</MACAddress></UserNet><Net><NetworkInterface><networkInterfaceNum>1</networkInterfaceNum><NetworkInterfaceEntry><id>1</id><type opt="10Mbase-T,10MBase-T-full,100MBase-TX,100M-full,10M/100M/1000M-adapt,1000M-full"/><MTU min="500" max="1500"/></NetworkInterfaceEntry></NetworkInterface></Net></UserAbility><DecoderAbility version="2.0"><DecodeResource><decodeChanNo min="1" max="16"/><DecodeResourceEntry><id>1</id><decodeResolution>CIF</decodeResolution><validDecodeChanNum>16</validDecodeChanNum><DecodeChanSelectEntry><decodeChanRange min="1" max="16"/><validRangeChanNum>16</validRangeChanNum></DecodeChanSelectEntry></DecodeResourceEntry><DecodeResourceEntry><id>2</id><decodeResolution>4CIF</decodeResolution><validDecodeChanNum>8</validDecodeChanNum><DecodeChanSelectEntry><decodeChanRange min="1" max="16"/><validRangeChanNum>8</validRangeChanNum></DecodeChanSelectEntry></DecodeResourceEntry><DecodeResourceEntry><id>3</id><decodeResolution>720P</decodeResolution><validDecodeChanNum>4</validDecodeChanNum><DecodeChanSelectEntry><decodeChanRange min="1" max="16"/><validRangeChanNum>4</validRangeChanNum></DecodeChanSelectEntry></DecodeResourceEntry></DecodeResource><VoutResource><videoOutNum>12</videoOutNum><VoutResourceEntry><id>1</id><voutType>bnc</voutType><voutNo min="17" max="24"/><VoutChanDisplayEntry><voutName>bnc1</voutName><voutID>17</voutID><displayWindowMode opt="1,4,9,16"/><relatedDecodeChan min="1" max="16"/></VoutChanDisplayEntry><VoutChanDisplayEntry><voutName>bnc2</voutName><voutID>18</voutID><displayWindowMode opt="1,4,9,16"/><relatedDecodeChan min="1" max="16"/></VoutChanDisplayEntry><VoutChanDisplayEntry><voutName>bnc3</voutName><voutID>19</voutID><displayWindowMode opt="1,4,9,16"/><relatedDecodeChan min="1" max="16"/></VoutChanDisplayEntry><VoutChanDisplayEntry><voutName>bnc4</voutName><voutID>20</voutID><displayWindowMode opt="1,4,9,16"/><relatedDecodeChan min="1" max="16"/></VoutChanDisplayEntry><VoutChanDisplayEntry><voutName>bnc5</voutName><voutID>21</voutID><displayWindowMode opt="1,4,9,16"/><relatedDecodeChan min="1" max="16"/></VoutChanDisplayEntry><VoutChanDisplayEntry><voutName>bnc6</voutName><voutID>22</voutID><displayWindowMode opt="1,4,9,16"/><relatedDecodeChan min="1" max="16"/></VoutChanDisplayEntry><VoutChanDisplayEntry><voutName>bnc7</voutName><voutID>23</voutID><displayWindowMode opt="1,4,9,16"/><relatedDecodeChan min="1" max="16"/></VoutChanDisplayEntry><VoutChanDisplayEntry><voutName>bnc8</voutName><voutID>24</voutID><displayWindowMode opt="1,4,9,16"/><relatedDecodeChan min="1" max="16"/></VoutChanDisplayEntry></VoutResourceEntry><VoutResourceEntry><id>2</id><voutType>vga</voutType><voutNo min="1" max="4"/><VoutResolutionEntry><resolutionName>SVGA_75HZ(800*600)</resolutionName></VoutResolutionEntry><VoutResolutionEntry><resolutionName>XGA_60HZ(1024*768)</resolutionName></VoutResolutionEntry><VoutResolutionEntry><resolutionName>XGA_75HZ(1024*768)</resolutionName></VoutResolutionEntry><VoutResolutionEntry><resolutionName>720P_60HZ(1280*720)</resolutionName></VoutResolutionEntry><VoutChanDisplayEntry><voutName>vga1</voutName><voutID>1</voutID><displayWindowMode opt="1,4,9,16"/><relatedDecodeChan min="1" max="16"/></VoutChanDisplayEntry><VoutChanDisplayEntry><voutName>vga2</voutName><voutID>2</voutID><displayWindowMode opt="1,4,9,16"/><relatedDecodeChan min="1" max="16"/></VoutChanDisplayEntry><VoutChanDisplayEntry><voutName>vga3</voutName><voutID>3</voutID><displayWindowMode opt="1,4,9,16"/><relatedDecodeChan min="1" max="16"/></VoutChanDisplayEntry><VoutChanDisplayEntry><voutName>vga4</voutName><voutID>4</voutID><displayWindowMode opt="1,4,9,16"/><relatedDecodeChan min="1" max="16"/></VoutChanDisplayEntry></VoutResourceEntry></VoutResource></DecoderAbility></DecviceAbility>
