<?xml version="1.0" encoding="UTF-8"?>
<DecviceAbility version="2.0"><BasicCapability version="2.0"><HardwareCapability><HardwareVersion>0x0</HardwareVersion><RS232Num>1</RS232Num><RS485Num>1</RS485Num><NetworkPortNum>1</NetworkPortNum><FlashSize>16</FlashSize><RamSize>256</RamSize><VideoInNum>1</VideoInNum><AudioInNum>1</AudioInNum><AudioOutNum>1</AudioOutNum><AudioTalkNum>1</AudioTalkNum><ResetSupport>1</ResetSupport><AnalogChannelNum>1</AnalogChannelNum></HardwareCapability><SoftwareCapability><MaxNetworkHDNum>8</MaxNetworkHDNum><NasSupport>1</NasSupport><NasNumber>8</NasNumber><ShowStringNumber>8</ShowStringNumber><MotionDetectAlarmSupport>1</MotionDetectAlarmSupport><VILostAlarmSupport>1</VILostAlarmSupport><HideAlarmSupport>1</HideAlarmSupport><ShelterSupport>1</ShelterSupport><RtspSupport>1</RtspSupport><RtpoverRtspSupport>1</RtpoverRtspSupport><NtpSupport>1</NtpSupport><PtzSupport>1</PtzSupport><DDNSSupport>1</DDNSSupport><DDNSHostType>0,1,2,3</DDNSHostType><SNMPSupport>1</SNMPSupport><SNMPVersion>3</SNMPVersion><iSCSINum>1</iSCSINum><Ipv6Support>1</Ipv6Support><MultipleStreamSupport>1</MultipleStreamSupport><SubStreamSupport>1</SubStreamSupport><EmailSupport>1</EmailSupport><SADPVersion>1</SADPVersion><FindFileByEventSupport>1</FindFileByEventSupport><MaxLoginNum>24</MaxLoginNum><MaxPreviewNum>6</MaxPreviewNum><MaxChanLinkNum>6</MaxChanLinkNum><RS232Config>1</RS232Config><PPPoEConfig>1</PPPoEConfig><UploadFTP>1</UploadFTP><NotSupportDiskQuota>1</NotSupportDiskQuota><SingleStorageMaxCap>2</SingleStorageMaxCap><NeedReboot><ImportConfigurationFileReboot>1</ImportConfigurationFileReboot><RS232workModeChange>1</RS232workModeChange><RtspPortChange>1</RtspPortChange><PPPoEChange>1</PPPoEChange><NetMultiCastIPChange>1</NetMultiCastIPChange></NeedReboot></SoftwareCapability></BasicCapability><AudioVideoCompressInfo version="2.0"><AudioCompressInfo><Audio><ChannelList><ChannelEntry><ChannelNumber>1</ChannelNumber><MainAudioEncodeType><Range>1</Range></MainAudioEncodeType><SubAudioEncodeType><Range>1</Range></SubAudioEncodeType><EventAudioEncodeType><Range>1</Range></EventAudioEncodeType></ChannelEntry></ChannelList></Audio><VoiceTalk><ChannelList><ChannelEntry><ChannelNumber>1</ChannelNumber><VoiceTalkEncodeType><Range>0</Range></VoiceTalkEncodeType></ChannelEntry></ChannelList></VoiceTalk></AudioCompressInfo><VideoCompressInfo><ChannelList><ChannelEntry><ChannelNumber>1</ChannelNumber><MainChannel><VideoEncodeType><Range>1</Range></VideoEncodeType><VideoResolutionList><VideoResolutionEntry><Index>1</Index><Name>CIF</Name><Resolution>352*288</Resolution><VideoFrameRate>0,1,2,3,4,5,6,7,8,9,10,11,12,13,14,15,16</VideoFrameRate><VideoBitrate><Min>32</Min><Max>16384</Max></VideoBitrate></VideoResolutionEntry><VideoResolutionEntry><Index>3</Index><Name>4CIF</Name><Resolution>704*576</Resolution><VideoFrameRate>0,1,2,3,4,5,6,7,8,9,10,11,12,13,14,15,16</VideoFrameRate><VideoBitrate><Min>32</Min><Max>16384</Max></VideoBitrate></VideoResolutionEntry><VideoResolutionEntry><Index>17</Index><Name>UXGA</Name><Resolution>1600*1200</Resolution><VideoFrameRate>0,1,2,3,4,5,6,7,8,9,10,11,12,13,14,15,16</VideoFrameRate><VideoBitrate><Min>32</Min><Max>16384</Max></VideoBitrate></VideoResolutionEntry><VideoResolutionEntry><Index>19</Index><Name>HD720p</Name><Resolution>1280*720</Resolution><VideoFrameRate>0,1,2,3,4,5,6,7,8,9,10,11,12,13,14,15,16</VideoFrameRate><VideoBitrate><Min>32</Min><Max>16384</Max></VideoBitrate></VideoResolutionEntry><VideoResolutionEntry><Index>27</Index><Name>1920*1080</Name><Resolution>1920*1080</Resolution><VideoFrameRate>0,1,2,3,4,5,6,7,8,9,10,11,12,13,14,15,16</VideoFrameRate><VideoBitrate><Min>32</Min><Max>16384</Max></VideoBitrate></VideoResolutionEntry><VideoResolutionEntry><Index>34</Index><Name>XGA</Name><Resolution>1024*768</Resolution><VideoFrameRate>0,1,2,3,4,5,6,7,8,9,10,11,12,13,14,15,16</VideoFrameRate><VideoBitrate><Min>32</Min><Max>16384</Max></VideoBitrate></VideoResolutionEntry><VideoResolutionEntry><Index>35</Index><Name>SXGA</Name><Resolution>1280*1024</Resolution><VideoFrameRate>0,1,2,3,4,5,6,7,8,9,10,11,12,13,14,15,16</VideoFrameRate><VideoBitrate><Min>32</Min><Max>16384</Max></VideoBitrate></VideoResolutionEntry></VideoResolutionList><IntervalBPFrame><Range>2</Range></IntervalBPFrame></MainChannel><SubChannelList><SubChannelEntry><index>1</index><VideoEncodeType><Range>1</Range></VideoEncodeType><VideoResolutionList><VideoResolutionEntry><Index>1</Index><Name>CIF</Name><Resolution>352*288</Resolution><VideoFrameRate>0,1,2,3,4,5,6,7,8,9,10,11,12,13,14,15,16</VideoFrameRate><VideoBitrate><Min>32</Min><Max>1024</Max></VideoBitrate></VideoResolutionEntry></VideoResolutionList><IntervalBPFrame><Range>2</Range></IntervalBPFrame></SubChannelEntry></SubChannelList><EventChannel><VideoEncodeType><Range>1</Range></VideoEncodeType><VideoResolutionList><VideoResolutionEntry><Index>1</Index><Name>CIF</Name><Resolution>352*288</Resolution><VideoFrameRate>0,1,2,3,4,5,6,7,8,9,10,11,12,13,14,15,16</VideoFrameRate><VideoBitrate><Min>32</Min><Max>16384</Max></VideoBitrate></VideoResolutionEntry><VideoResolutionEntry><Index>3</Index><Name>4CIF</Name><Resolution>704*576</Resolution><VideoFrameRate>0,1,2,3,4,5,6,7,8,9,10,11,12,13,14,15,16</VideoFrameRate><VideoBitrate><Min>32</Min><Max>16384</Max></VideoBitrate></VideoResolutionEntry><VideoResolutionEntry><Index>17</Index><Name>UXGA</Name><Resolution>1600*1200</Resolution><VideoFrameRate>0,1,2,3,4,5,6,7,8,9,10,11,12,13,14,15,16</VideoFrameRate><VideoBitrate><Min>32</Min><Max>16384</Max></VideoBitrate></VideoResolutionEntry><VideoResolutionEntry><Index>19</Index><Name>HD720p</Name><Resolution>1280*720</Resolution><VideoFrameRate>0,1,2,3,4,5,6,7,8,9,10,11,12,13,14,15,16</VideoFrameRate><VideoBitrate><Min>32</Min><Max>16384</Max></VideoBitrate></VideoResolutionEntry><VideoResolutionEntry><Index>27</Index><Name>1920*1080</Name><Resolution>1920*1080</Resolution><VideoFrameRate>0,1,2,3,4,5,6,7,8,9,10,11,12,13,14,15,16</VideoFrameRate><VideoBitrate><Min>32</Min><Max>16384</Max></VideoBitrate></VideoResolutionEntry><VideoResolutionEntry><Index>34</Index><Name>XGA</Name><Resolution>1024*768</Resolution><VideoFrameRate>0,1,2,3,4,5,6,7,8,9,10,11,12,13,14,15,16</VideoFrameRate><VideoBitrate><Min>32</Min><Max>16384</Max></VideoBitrate></VideoResolutionEntry><VideoResolutionEntry><Index>35</Index><Name>SXGA</Name><Resolution>1280*1024</Resolution><VideoFrameRate>0,1,2,3,4,5,6,7,8,9,10,11,12,13,14,15,16</VideoFrameRate><VideoBitrate><Min>32</Min><Max>16384</Max></VideoBitrate></VideoResolutionEntry></VideoResolutionList><IntervalBPFrame><Range>2</Range></IntervalBPFrame></EventChannel></ChannelEntry></ChannelList></VideoCompressInfo></AudioVideoCompressInfo><CurrentCompressInfo version="2.0"><ChannelNumber>1</ChannelNumber><VideoEncodeType>1</VideoEncodeType></CurrentCompressInfo><SerialAbility version="2.0"><RS232><RS232Num>1</RS232Num><RS232Entry><baudRate opt="300,600,1200,2400,4800,9600,19200,38400,57600,76800,115.2k"/><dataBit opt="5,6,7,8"/><stopBit opt="1,2"/><parity opt="none,odd,even"/><flowcontrol opt="none,hard,soft"/><workMode opt="console,transparentChan"/></RS232Entry></RS232><RS485><RS485Num>1</RS485Num><RS485Entry><baudRate opt="300,600,1200,2400,4800,9600,19200,38400,57600,76800,115.2k"/><dataBit opt="5,6,7,8"/><stopBit opt="1,2"/><parity opt="none,odd,even"/><flowcontrol opt="none,hard,soft"/><decoderAddress min="0" max="255"/></RS485Entry></RS485></SerialAbility><UserAbility version="2.0"><userNum>16</userNum><userPriority opt="admin,viewer,operator,none"/><userNameLength min="1" max="32"/><userPasswordLength min="1" max="16"/><LocalPermission><permissionType opt="PTZControl,record,playback,parameterConfig,logOrStateCheck,restartOrShutdown,upgrade,backup"/></LocalPermission><RemotePermission><permissionType opt="preview, voiceTalk, alarmOutOrUpload, transParentChannel, contorlLocalOut,PTZControl,record,playback,parameterConfig,logOrStateCheck,restartOrShutdown,upgrade,backup"/></RemotePermission><UserNet><IPV4Address>true</IPV4Address><IPV6Address>true</IPV6Address><MACAddress>true</MACAddress></UserNet><ViewerDefaultPermission><LocalPermission><permissionType opt="PTZControl,record,playback,parameterConfig,logOrStateCheck,restartOrShutdown,upgrade,backup"/></LocalPermission><RemotePermission><permissionType opt="preview, voiceTalk, alarmOutOrUpload, transParentChannel, contorlLocalOut,PTZControl,record,playback,parameterConfig,logOrStateCheck,restartOrShutdown,upgrade,backup"/></RemotePermission></ViewerDefaultPermission><OperatorDefaultPermission><LocalPermission><permissionType opt="PTZControl,record,playback,parameterConfig,logOrStateCheck,restartOrShutdown,upgrade,backup"/></LocalPermission><RemotePermission><permissionType opt="preview, voiceTalk, alarmOutOrUpload, transParentChannel, contorlLocalOut,PTZControl,record,playback,parameterConfig,logOrStateCheck,restartOrShutdown,upgrade,backup"/></RemotePermission></OperatorDefaultPermission><Net><NetworkInterface><networkInterfaceNum>1</networkInterfaceNum><NetworkInterfaceEntry><id>1</id><type opt="10Mbase-T,10MBase-T-full,100MBase-TX,100M-full,10M/100M/1000M-adapt,1000M-full"/></NetworkInterfaceEntry></NetworkInterface></Net></UserAbility><VideoPicAbility version="2.0"><channelNO>1</channelNO><OSD><ChannelName><enabled>true</enabled></ChannelName><Week><enabled>true</enabled></Week><OSDType opt="xxxx-xx-xxYMD,xx-xx-xxxxMDY,xxxxYxxMxxD,xxMxxDxxxxY,xx-xx-xxxxDMY,xxDxxMxxxxY"/><OSDAttrib opt="1,2,3,4"/><OSDHourType opt="24Hour,12Hour"/></OSD><MotionDetection><regionType opt="grid"/><Grid><VideoFormatP><rowGranularity>18</rowGranularity><columnGranularity>22</columnGranularity></VideoFormatP><VideoFormatN><rowGranularity>15</rowGranularity><columnGranularity>22</columnGranularity></VideoFormatN></Grid><sensitivityLevel min="0" max="5"/><alarmTime>8</alarmTime><alarmHandleType opt="monitor,audio,center,alarmout,picture"/><displayMotion opt="true,false"/></MotionDetection><VILostDetection><alarmTime>8</alarmTime><alarmHandleType opt="monitor,audio,center,alarmout,picture"/></VILostDetection><HideDetection><HideAreaNum>4</HideAreaNum><HideArea><id>1</id><PAL><AreaX min="0" max="704"/><AreaY min="0" max="567"/></PAL><NTSC><AreaX min="0" max="704"/><AreaY min="0" max="480"/></NTSC></HideArea><sensitivity opt="none,low,middle,high"/><alarmTime>8</alarmTime><alarmHandleType opt="monitor,audio,center,alarmout,picture"/></HideDetection><PrivacyMask><PrivacyMaskAreaNum>4</PrivacyMaskAreaNum><PrivacyMaskArea><id>1</id><PAL><AreaX min="0" max="704"/><AreaY min="0" max="567"/></PAL><NTSC><AreaX min="0" max="704"/><AreaY min="0" max="480"/></NTSC></PrivacyMaskArea></PrivacyMask></VideoPicAbility><JpegCaptureAbility version="2.0"><channelNO>1</channelNO></JpegCaptureAbility><ChannelInputAbility version="2.0"><channelNO>1</channelNO><CameraInterface><cameraInterfaceEnable opt="true"/><cameraInterfaceType opt="VGA,HDMI,YPbPr,SDI,FC"/></CameraInterface></ChannelInputAbility></DecviceAbility>
