<?xml version="1.0" encoding="UTF-8"?>
<DecviceAbility version="2.0">
	<BasicCapability version="2.0">
		<HardwareCapability>
			<HardwareVersion>0x4</HardwareVersion>
			<AlarmInPortNum>16</AlarmInPortNum>
			<AlarmOutPortNum>4</AlarmOutPortNum>
			<RS232Num>1</RS232Num>
			<RS485Num>1</RS485Num>
			<NetworkPortNum>1</NetworkPortNum>
			<USBNum>3</USBNum>
			<FlashSize>16</FlashSize>
			<USBVersion>2.0</USBVersion>
			<VideoInNum>16</VideoInNum>
			<VideoOutNum>3</VideoOutNum>
			<AudioOutNum>1</AudioOutNum>
			<AudioTalkNum>1</AudioTalkNum>
			<VideoOutSupport>1</VideoOutSupport>
			<ResetSupport>1</ResetSupport>
			<AnalogChannelNum>16</AnalogChannelNum>
			<VGANumber>1</VGANumber>
			<CVBSNumber>1</CVBSNumber>
			<AuxoutNumber>1</AuxoutNumber>
		</HardwareCapability>
		<SoftwareCapability>
			<MaxNetworkHDNum>8</MaxNetworkHDNum>
			<NasSupport>1</NasSupport>
			<NasNumber>8</NasNumber>
			<ShowStringNumber>6</ShowStringNumber>
			<MotionDetectAlarmSupport>1</MotionDetectAlarmSupport>
			<VILostAlarmSupport>1</VILostAlarmSupport>
			<HideAlarmSupport>1</HideAlarmSupport>
			<ShelterSupport>1</ShelterSupport>
			<NtpSupport>1</NtpSupport>
			<PtzSupport>1</PtzSupport>
			<DDNSSupport>1</DDNSSupport>
			<DDNSHostType>0,1,2,3</DDNSHostType>
			<iSCSISupport>1</iSCSISupport>
			<iSCSINum>1</iSCSINum>
			<MultipleStreamSupport>1</MultipleStreamSupport>
			<SubStreamSupport>1</SubStreamSupport>
			<EmailSupport>1</EmailSupport>
			<SADPVersion>0</SADPVersion>
			<FindFileByEventSupport>1</FindFileByEventSupport>
			<FileLockSupport>1</FileLockSupport>
			<MaxLoginNum>128</MaxLoginNum>
			<MaxPreviewNum>24</MaxPreviewNum>
			<MaxPlayBackNum>24</MaxPlayBackNum>
			<MaxChanLinkNum>6</MaxChanLinkNum>
			<ShutDownSupport>1</ShutDownSupport>
			<HDgroupConfig>1</HDgroupConfig>
			<RS232Config>1</RS232Config>
			<PPPoEConfig>1</PPPoEConfig>
			<RedundancyRecord>1</RedundancyRecord>
			<NotSupportDiskQuota>1</NotSupportDiskQuota>
			<NeedReboot>
				<ImportConfigurationFileReboot>1</ImportConfigurationFileReboot>
				<EsataUseageChange>1</EsataUseageChange>
				<AlarmInTypeChange>1</AlarmInTypeChange>
				<RestoreConfig>1</RestoreConfig>
				<RS232workModeChange>1</RS232workModeChange>
				<NetPortChange>1</NetPortChange>
				<DhcpEnableChange>1</DhcpEnableChange>
				<PPPoEChange>1</PPPoEChange>
				<NetMultiCastIPChange>1</NetMultiCastIPChange>
			</NeedReboot>
		</SoftwareCapability>
	</BasicCapability>
	<AudioVideoCompressInfo version="2.0">
		<AudioCompressInfo>
			<Audio>
				<ChannelList>
					<ChannelEntry>
						<ChannelNumber>1</ChannelNumber>
						<MainAudioEncodeType>
							<Range>2</Range>
						</MainAudioEncodeType>
						<SubAudioEncodeType>
							<Range>2</Range>
						</SubAudioEncodeType>
						<EventAudioEncodeType>
							<Range>2</Range>
						</EventAudioEncodeType>
					</ChannelEntry>
				</ChannelList>
			</Audio>
			<VoiceTalk>
				<ChannelList>
					<ChannelEntry>
						<ChannelNumber>1</ChannelNumber>
						<VoiceTalkEncodeType>
							<Range>0</Range>
						</VoiceTalkEncodeType>
					</ChannelEntry>
				</ChannelList>
			</VoiceTalk>
		</AudioCompressInfo>
		<VideoCompressInfo>
			<ChannelList>
				<ChannelEntry>
					<ChannelNumber>1</ChannelNumber>
					<MainChannel>
						<VideoEncodeType>
							<Range>1</Range>
						</VideoEncodeType>
						<VideoResolutionList>
							<VideoResolutionEntry>
								<Index>1</Index>
								<Name>CIF</Name>
								<Resolution>352*288</Resolution>
								<VideoFrameRate>0,1,2,3,4,5,6,7,8,9,10,11,12,13,14,15,16</VideoFrameRate>
								<VideoBitrate>
									<Min>32</Min>
									<Max>1024</Max>
								</VideoBitrate>
							</VideoResolutionEntry>
							<VideoResolutionEntry>
								<Index>2</Index>
								<Name>QCIF</Name>
								<Resolution>176*144</Resolution>
								<VideoFrameRate>0,1,2,3,4,5,6,7,8,9,10,11,12,13,14,15,16</VideoFrameRate>
								<VideoBitrate>
									<Min>32</Min>
									<Max>1024</Max>
								</VideoBitrate>
							</VideoResolutionEntry>
							<VideoResolutionEntry>
								<Index>3</Index>
								<Name>4CIF(仅通道1,2支持)</Name><Reso
							lution>704*576</Resolution>
							<VideoFrameRate>0,1,2,3,4,5,6,7,8,9,10,11,12,13,14,15,16</VideoFrameRate>
							<VideoBitrate>
								<Min>32</Min>
								<Max>3072</Max>
							</VideoBitrate>
						</VideoResolutionEntry>
						<VideoResolutionEntry>
							<Index>4</Index>
							<Name>2CIF</Name>
							<Resolution>704*288</Resolution>
							<VideoFrameRate>1,2,3,4,5,6,7,8,9,10,11</VideoFrameRate>
							<VideoBitrate>
								<Min>32</Min>
								<Max>3072</Max>
							</VideoBitrate>
						</VideoResolutionEntry>
					</VideoResolutionList>
					<IntervalBPFrame>
						<Range>2</Range>
					</IntervalBPFrame>
				</MainChannel>
				<SubChannelList>
					<SubChannelEntry>
						<index>1</index>
						<VideoEncodeType>
							<Range>1</Range>
						</VideoEncodeType>
						<VideoResolutionList>
							<VideoResolutionEntry>
								<Index>2</Index>
								<Name>QCIF</Name>
								<Resolution>176*144</Resolution>
								<VideoFrameRate>0,1,2,3,4,5,6,7,8,9,10,11,12,13,14,15,16</VideoFrameRate>
								<VideoBitrate>
									<Min>32</Min>
									<Max>1024</Max>
								</VideoBitrate>
							</VideoResolutionEntry>
						</VideoResolutionList>
						<IntervalBPFrame>
							<Range>2</Range>
						</IntervalBPFrame>
					</SubChannelEntry>
				</SubChannelList>
				<EventChannel>
					<VideoEncodeType>
						<Range>1</Range>
					</VideoEncodeType>
					<VideoResolutionList>
						<VideoResolutionEntry>
							<Index>1</Index>
							<Name>CIF</Name>
							<Resolution>352*288</Resolution>
							<VideoFrameRate>0,1,2,3,4,5,6,7,8,9,10,11,12,13,14,15,16</VideoFrameRate>
							<VideoBitrate>
								<Min>32</Min>
								<Max>1024</Max>
							</VideoBitrate>
						</VideoResolutionEntry>
						<VideoResolutionEntry>
							<Index>2</Index>
							<Name>QCIF</Name>
							<Resolution>176*144</Resolution>
							<VideoFrameRate>0,1,2,3,4,5,6,7,8,9,10,11,12,13,14,15,16</VideoFrameRate>
							<VideoBitrate>
								<Min>32</Min>
								<Max>1024</Max>
							</VideoBitrate>
						</VideoResolutionEntry>
						<VideoResolutionEntry>
							<Index>3</Index>
							<Name>4CIF(仅通道1,2支持)</Name><Reso
						lution>704*576</Resolution>
						<VideoFrameRate>0,1,2,3,4,5,6,7,8,9,10,11,12,13,14,15,16</VideoFrameRate>
						<VideoBitrate>
							<Min>32</Min>
							<Max>3072</Max>
						</VideoBitrate>
					</VideoResolutionEntry>
					<VideoResolutionEntry>
						<Index>4</Index>
						<Name>2CIF</Name>
						<Resolution>704*288</Resolution>
						<VideoFrameRate>1,2,3,4,5,6,7,8,9,10,11</VideoFrameRate>
						<VideoBitrate>
							<Min>32</Min>
							<Max>3072</Max>
						</VideoBitrate>
					</VideoResolutionEntry>
				</VideoResolutionList>
				<IntervalBPFrame>
					<Range>2</Range>
				</IntervalBPFrame>
			</EventChannel>
		</ChannelEntry>
	</ChannelList>
</VideoCompressInfo>
</AudioVideoCompressInfo>
<CurrentCompressInfo version="2.0">
	<ChannelNumber>1</ChannelNumber>
	<VideoEncodeType>1</VideoEncodeType>
	<VideoResolution>0</VideoResolution>
	<VideoFrameRate>
		<Range>0,1,2,3,4,5,6,7,8,9,10,11,12,13,14,15,16</Range>
	</VideoFrameRate>
	<VideoBitrate>
		<Min>32</Min>
		<Max>3072</Max>
	</VideoBitrate>
	<SubChannelList>
		<SubChannelEntry>
			<index>1</index>
			<VideoResolutionList>
				<VideoResolutionEntry>
					<Index>1</Index>
					<VideoFrameRate>
						<Range>0,1,2,3,4,5,6,7,8,9,10,11</Range>
					</VideoFrameRate>
					<VideoBitrate>
						<Min>32</Min>
						<Max>1024</Max>
					</VideoBitrate>
				</VideoResolutionEntry>
				<VideoResolutionEntry>
					<Index>2</Index>
					<VideoFrameRate>
						<Range>0,1,2,3,4,5,6,7,8,9,10,11</Range>
					</VideoFrameRate>
					<VideoBitrate>
						<Min>32</Min>
						<Max>1024</Max>
					</VideoBitrate>
				</VideoResolutionEntry>
			</VideoResolutionList>
		</SubChannelEntry>
	</SubChannelList>
</CurrentCompressInfo>
<SerialAbility version="2.0">
	<RS232>
		<RS232Num>1</RS232Num>
		<RS232Entry>
			<baudRate opt="50,75,110,150,300,600,1200,2400,4800,9600,19200,38400,57600,76800,115.2k"/>
			<dataBit opt="5,6,7,8"/>
			<stopBit opt="1,2"/>
			<parity opt="none,odd,even"/>
			<flowcontrol opt="none,hard,soft"/>
			<workMode opt="narrowBand,console,transparentChan"/>
		</RS232Entry>
	</RS232>
	<RS485>
		<RS485Num>1</RS485Num>
		<RS485Entry>
			<baudRate opt="50,75,110,150,300,600,1200,2400,4800,9600,19200,38400,57600,76800,115.2k"/>
			<dataBit opt="5,6,7,8"/>
			<stopBit opt="1,2"/>
			<parity opt="none,odd,even"/>
			<flowcontrol opt="none,hard,soft"/>
			<decoderAddress min="0" max="255"/>
		</RS485Entry>
	</RS485>
</SerialAbility>
<UserAbility version="2.0">
	<userNum>16</userNum>
	<userPriority opt="admin,viewer,operator,none"/>
	<userNameLength min="1" max="32"/>
	<userPasswordLength min="1" max="16"/>
	<LocalPermission>
		<permissionType opt="PTZControl,record,playback,parameterConfig,logOrStateCheck,restartOrShutdown,upgrade,backup"/>
	</LocalPermission>
	<RemotePermission>
		<permissionType opt="preview, voiceTalk, alarmOutOrUpload, transParentChannel, contorlLocalOut,PTZControl,record,playback,parameterConfig,logOrStateCheck,restartOrShutdown,upgrade,backup"/>
	</RemotePermission>
	<UserNet>
		<IPV4Address>true</IPV4Address>
		<IPV6Address>true</IPV6Address>
		<MACAddress>true</MACAddress>
	</UserNet>
	<ViewerDefaultPermission>
		<LocalPermission>
			<permissionType opt="PTZControl,record,playback,parameterConfig,logOrStateCheck,restartOrShutdown,upgrade,backup"/>
		</LocalPermission>
		<RemotePermission>
			<permissionType opt="preview, voiceTalk, alarmOutOrUpload, transParentChannel, contorlLocalOut,PTZControl,record,playback,parameterConfig,logOrStateCheck,restartOrShutdown,upgrade,backup"/>
		</RemotePermission>
	</ViewerDefaultPermission>
	<OperatorDefaultPermission>
		<LocalPermission>
			<permissionType opt="PTZControl,record,playback,parameterConfig,logOrStateCheck,restartOrShutdown,upgrade,backup"/>
		</LocalPermission>
		<RemotePermission>
			<permissionType opt="preview, voiceTalk, alarmOutOrUpload, transParentChannel, contorlLocalOut,PTZControl,record,playback,parameterConfig,logOrStateCheck,restartOrShutdown,upgrade,backup"/>
		</RemotePermission>
	</OperatorDefaultPermission>
</UserAbility>
<NetAppAbility version="2.0">
	<NTP>
		<intervalUnit>minute</intervalUnit>
	</NTP>
	<Net>
		<NetworkInterface>
			<networkInterfaceNum>2</networkInterfaceNum>
			<NetworkInterfaceEntry>
				<id>1</id>
				<type opt="10Mbase-T,10MBase-T-full,100MBase-TX,100M-full,10M/100M/1000M-adapt,1000M-full"/>
				<MTU min="500" max="1500"/>
			</NetworkInterfaceEntry>
			<NetworkInterfaceEntry>
				<id>2</id>
				<type opt="10Mbase-T,10MBase-T-full,100MBase-TX,100M-full,10M/100M/1000M-adapt,1000M-full"/>
				<MTU min="500" max="1500"/>
			</NetworkInterfaceEntry>
		</NetworkInterface>
		<multicastIpAddr opt="IPV4,IPV6"/>
	</Net>
	<Email>
		<receiverNum>3</receiverNum>
		<emailTest>true</emailTest>
	</Email>
	<UPNP>
		<NATType opt="manual,auto"/>
		<serverPort>
			<enabled>true</enabled>
		</serverPort>
		<HTTPPort>
			<enabled>true</enabled>
		</HTTPPort>
		<RTSPPort>
			<enabled>true</enabled>
		</RTSPPort>
		<dirLevel opt="rootDir,topDir,subDir"/>
		<topDirMode opt="deviceName,deviceNO,deviceIP,monitor,time"/>
		<subDirMode opt="chanName,chanNO,time,laneNO"/>
	</UPNP>
</NetAppAbility>
<VideoPicAbility version="2.0">
	<channelNO>1</channelNO>
	<OSD>
		<ChannelName>
			<enabled>true</enabled>
		</ChannelName>
		<Week>
			<enabled>true</enabled>
		</Week>
		<OSDType opt="xxxx-xx-xxYMD,xx-xx-xxxxMDY,xxxxYxxMxxD,xxMxxDxxxxY,xx-xx-xxxxDMY,xxDxxMxxxxY"/>
		<OSDAttrib opt="1,2,3,4"/>
		<OSDHourType opt="24Hour,12Hour"/>
	</OSD>
	<MotionDetection>
		<regionType opt="grid"/>
		<Grid>
			<VideoFormatP>
				<rowGranularity>18</rowGranularity>
				<columnGranularity>22</columnGranularity>
			</VideoFormatP>
			<VideoFormatN>
				<rowGranularity>15</rowGranularity>
				<columnGranularity>22</columnGranularity>
			</VideoFormatN>
		</Grid>
		<sensitivityLevel min="0" max="5"/>
		<alarmTime>4</alarmTime>
		<alarmHandleType opt="monitor,audio,center,alarmout,picture"/>
	</MotionDetection>
	<VILostDetection>
		<alarmTime>4</alarmTime>
		<alarmHandleType opt="monitor,audio,center,alarmout,picture"/>
	</VILostDetection>
	<HideDetection>
		<HideAreaNum>1</HideAreaNum>
		<HideArea>
			<id>1</id>
			<PAL>
				<AreaX min="0" max="704"/>
				<AreaY min="0" max="567"/>
			</PAL>
			<NTSC>
				<AreaX min="0" max="704"/>
				<AreaY min="0" max="480"/>
			</NTSC>
		</HideArea>
		<sensitivity opt="none,low,middle,high"/>
		<alarmTime>4</alarmTime>
		<alarmHandleType opt="monitor,audio,center,alarmout,picture"/>
	</HideDetection>
	<PrivacyMask>
		<PrivacyMaskAreaNum>1</PrivacyMaskAreaNum>
		<PrivacyMaskArea>
			<id>1</id>
			<PAL>
				<AreaX min="0" max="704"/>
				<AreaY min="0" max="567"/>
			</PAL>
			<NTSC>
				<AreaX min="0" max="704"/>
				<AreaY min="0" max="480"/>
			</NTSC>
		</PrivacyMaskArea>
	</PrivacyMask>
</VideoPicAbility>
</DecviceAbility>
