<?xml version="1.0" encoding="UTF-8"?>
<DecviceAbility version="2.0"><BasicCapability version="2.0"><HardwareCapability><HardwareVersion>0x4</HardwareVersion><AlarmInPortNum>4</AlarmInPortNum><AlarmOutPortNum>1</AlarmOutPortNum><RS232Num>1</RS232Num><RS485Num>1</RS485Num><NetworkPortNum>1</NetworkPortNum><USBNum>2</USBNum><FlashSize>16</FlashSize><RamSize>256</RamSize><USBVersion>2.0</USBVersion><HardDiskNum>1</HardDiskNum><SATANum>1</SATANum><AudioInNum>1</AudioInNum><VideoOutNum>2</VideoOutNum><AudioOutNum>1</AudioOutNum><AudioTalkNum>1</AudioTalkNum><VideoOutSupport>1</VideoOutSupport><ResetSupport>1</ResetSupport><VGANumber>1</VGANumber><CVBSNumber>1</CVBSNumber><AuxoutNumber>1</AuxoutNumber></HardwareCapability><SoftwareCapability><NtpSupport>1</NtpSupport><PtzSupport>1</PtzSupport><DDNSSupport>1</DDNSSupport><DDNSHostType>0,1,2,3</DDNSHostType><MultipleStreamSupport>1</MultipleStreamSupport><SubStreamSupport>1</SubStreamSupport><SADPVersion>0</SADPVersion><FileLockSupport>1</FileLockSupport><MaxLoginNum>128</MaxLoginNum><MaxPreviewNum>18</MaxPreviewNum><MaxPlayBackNum>18</MaxPlayBackNum><MaxChanLinkNum>6</MaxChanLinkNum><ShutDownSupport>1</ShutDownSupport><RS232Config>1</RS232Config><PPPoEConfig>1</PPPoEConfig><RedundancyRecord>1</RedundancyRecord><UploadFTP>1</UploadFTP><NotSupportDiskQuota>1</NotSupportDiskQuota><SingleStorageMaxCap>16</SingleStorageMaxCap><NeedReboot><ImportConfigurationFileReboot>1</ImportConfigurationFileReboot><EsataUseageChange>1</EsataUseageChange><AlarmInTypeChange>1</AlarmInTypeChange><RestoreConfig>1</RestoreConfig><RS232workModeChange>1</RS232workModeChange><NetPortChange>1</NetPortChange><DhcpEnableChange>1</DhcpEnableChange><HttpPortChange>1</HttpPortChange><PPPoEChange>1</PPPoEChange><NetMultiCastIPChange>1</NetMultiCastIPChange></NeedReboot></SoftwareCapability></BasicCapability><SerialAbility version="2.0"><RS232><RS232Num>1</RS232Num><RS232Entry><baudRate opt="50,75,110,150,300,600,1200,2400,4800,9600,19200,38400,57600,76800,115.2k"/><dataBit opt="5,6,7,8"/><stopBit opt="1,2"/><parity opt="none,odd,even"/><flowcontrol opt="none,hard,soft"/><workMode opt="narrowBand,console,transparentChan"/></RS232Entry></RS232><RS485><RS485Num>1</RS485Num><RS485Entry><baudRate opt="50,75,110,150,300,600,1200,2400,4800,9600,19200,38400,57600,76800,115.2k"/><dataBit opt="5,6,7,8"/><stopBit opt="1,2"/><parity opt="none,odd,even"/><flowcontrol opt="none,hard,soft"/><decoderAddress min="0" max="255"/></RS485Entry></RS485></SerialAbility><UserAbility version="2.0"><userNum>16</userNum><userPriority opt="admin,viewer,operator,none"/><userNameLength min="1" max="32"/><userPasswordLength min="1" max="16"/><LocalPermission><permissionType opt="PTZControl,record,playback,parameterConfig,logOrStateCheck,restartOrShutdown,upgrade,backup"/></LocalPermission><RemotePermission><permissionType opt="preview, voiceTalk, alarmOutOrUpload, transParentChannel, contorlLocalOut,PTZControl,record,playback,parameterConfig,logOrStateCheck,restartOrShutdown,upgrade,backup"/></RemotePermission><UserNet><IPV4Address>true</IPV4Address><IPV6Address>true</IPV6Address><MACAddress>true</MACAddress></UserNet><ViewerDefaultPermission><LocalPermission><permissionType opt="PTZControl,record,playback,parameterConfig,logOrStateCheck,restartOrShutdown,upgrade,backup"/></LocalPermission><RemotePermission><permissionType opt="preview, voiceTalk, alarmOutOrUpload, transParentChannel, contorlLocalOut,PTZControl,record,playback,parameterConfig,logOrStateCheck,restartOrShutdown,upgrade,backup"/></RemotePermission></ViewerDefaultPermission><OperatorDefaultPermission><LocalPermission><permissionType opt="PTZControl,record,playback,parameterConfig,logOrStateCheck,restartOrShutdown,upgrade,backup"/></LocalPermission><RemotePermission><permissionType opt="preview, voiceTalk, alarmOutOrUpload, transParentChannel, contorlLocalOut,PTZControl,record,playback,parameterConfig,logOrStateCheck,restartOrShutdown,upgrade,backup"/></RemotePermission></OperatorDefaultPermission></UserAbility><NetAppAbility version="2.0"><NTP><intervalUnit>minute</intervalUnit></NTP><Net><NetworkInterface><networkInterfaceNum>2</networkInterfaceNum><NetworkInterfaceEntry><id>1</id><type opt="10Mbase-T,10MBase-T-full,100MBase-TX,100M-full,10M/100M/1000M-adapt,1000M-full"/><MTU min="500" max="1500"/></NetworkInterfaceEntry><NetworkInterfaceEntry><id>2</id><type opt="10Mbase-T,10MBase-T-full,100MBase-TX,100M-full,10M/100M/1000M-adapt,1000M-full"/><MTU min="500" max="1500"/></NetworkInterfaceEntry></NetworkInterface><multicastIpAddr opt="IPV4,IPV6"/></Net><Email><receiverNum>3</receiverNum><emailTest>true</emailTest></Email><UPNP><NATType opt="manual,auto"/><serverPort><enabled>true</enabled></serverPort><HTTPPort><enabled>true</enabled></HTTPPort><RTSPPort><enabled>true</enabled></RTSPPort><dirLevel opt="rootDir,topDir,subDir"/><topDirMode opt="deviceName,deviceNO,deviceIP,monitor,time"/><subDirMode opt="chanName,chanNO,time,laneNO"/></UPNP></NetAppAbility><VideoPicAbility version="2.0"><channelNO>1</channelNO><OSD><ChannelName><enabled>true</enabled></ChannelName><Week><enabled>true</enabled></Week><OSDType opt="xxxx-xx-xxYMD,xx-xx-xxxxMDY,xxxxYxxMxxD,xxMxxDxxxxY,xx-xx-xxxxDMY,xxDxxMxxxxY"/><OSDAttrib opt="1,2,3,4"/><OSDHourType opt="24Hour,12Hour"/></OSD><MotionDetection><regionType opt="grid"/><Grid><VideoFormatP><rowGranularity>18</rowGranularity><columnGranularity>22</columnGranularity></VideoFormatP><VideoFormatN><rowGranularity>15</rowGranularity><columnGranularity>22</columnGranularity></VideoFormatN></Grid><sensitivityLevel min="0" max="5"/><alarmTime>4</alarmTime><alarmHandleType opt="monitor,audio,center,alarmout,picture"/></MotionDetection><VILostDetection><alarmTime>4</alarmTime><alarmHandleType opt="monitor,audio,center,alarmout,picture"/></VILostDetection><HideDetection><HideAreaNum>1</HideAreaNum><HideArea><id>1</id><PAL><AreaX min="0" max="704"/><AreaY min="0" max="567"/></PAL><NTSC><AreaX min="0" max="704"/><AreaY min="0" max="480"/></NTSC></HideArea><sensitivity opt="none,low,middle,high"/><alarmTime>4</alarmTime><alarmHandleType opt="monitor,audio,center,alarmout,picture"/></HideDetection><PrivacyMask><PrivacyMaskAreaNum>1</PrivacyMaskAreaNum><PrivacyMaskArea><id>1</id><PAL><AreaX min="0" max="704"/><AreaY min="0" max="567"/></PAL><NTSC><AreaX min="0" max="704"/><AreaY min="0" max="480"/></NTSC></PrivacyMaskArea></PrivacyMask></VideoPicAbility></DecviceAbility>
