<?xml version="1.0" encoding="UTF-8"?>
<DecviceAbility version="2.0"><BasicCapability version="2.0"><HardwareCapability><HardwareVersion>0x0</HardwareVersion><AlarmOutPortNum>4</AlarmOutPortNum><RS232Num>1</RS232Num><RS485Num>1</RS485Num><NetworkPortNum>1</NetworkPortNum><USBNum>2</USBNum><USBVersion>2.0</USBVersion><VideoOutNum>3</VideoOutNum><AudioOutNum>2</AudioOutNum><AudioTalkNum>1</AudioTalkNum><VideoOutSupport>1</VideoOutSupport><HDMINumber>1</HDMINumber><CVBSNumber>1</CVBSNumber></HardwareCapability><SoftwareCapability><MaxNetworkHDNum>8</MaxNetworkHDNum><NasSupport>1</NasSupport><NasNumber>8</NasNumber><MotionDetectAlarmSupport>1</MotionDetectAlarmSupport><VILostAlarmSupport>1</VILostAlarmSupport><HideAlarmSupport>1</HideAlarmSupport><ShelterSupport>1</ShelterSupport><NtpSupport>1</NtpSupport><PtzSupport>1</PtzSupport><DDNSSupport>1</DDNSSupport><DDNSHostType>0,1,2</DDNSHostType><iSCSISupport>1</iSCSISupport><iSCSINum>1</iSCSINum><MultipleStreamSupport>1</MultipleStreamSupport><SubStreamSupport>1</SubStreamSupport><EmailSupport>1</EmailSupport><SADPVersion>0</SADPVersion><BackupSupport>1</BackupSupport><FindFileByEventSupport>1</FindFileByEventSupport><SmartSearchSupport>1</SmartSearchSupport><FileLockSupport>1</FileLockSupport><MaxLoginNum>128</MaxLoginNum><ShutDownSupport>1</ShutDownSupport><HDgroupConfig>1</HDgroupConfig><RS232Config>1</RS232Config><PPPoEConfig>1</PPPoEConfig><NeedReboot><ImportConfigurationFileReboot>1</ImportConfigurationFileReboot><EsataUseageChange>1</EsataUseageChange><AlarmInTypeChange>1</AlarmInTypeChange><RestoreConfig>1</RestoreConfig><RS232workModeChange>1</RS232workModeChange><RtspPortChange>1</RtspPortChange><PPPoEChange>1</PPPoEChange><NetMultiCastIPChange>1</NetMultiCastIPChange></NeedReboot></SoftwareCapability></BasicCapability><AudioVideoCompressInfo version="2.0"><AudioCompressInfo><Audio><ChannelList><ChannelEntry><ChannelNumber>1</ChannelNumber><MainAudioEncodeType><Range>1</Range></MainAudioEncodeType><SubAudioEncodeType><Range>1</Range></SubAudioEncodeType><EventAudioEncodeType><Range>1</Range></EventAudioEncodeType></ChannelEntry></ChannelList></Audio><VoiceTalk><ChannelList><ChannelEntry><ChannelNumber>1</ChannelNumber><VoiceTalkEncodeType><Range>1</Range></VoiceTalkEncodeType></ChannelEntry></ChannelList></VoiceTalk></AudioCompressInfo><VideoCompressInfo><ChannelList><ChannelEntry><ChannelNumber>1</ChannelNumber><MainChannel><VideoEncodeType><Range>1</Range></VideoEncodeType><VideoResolutionList><VideoResolutionEntry><Index>1</Index><Name>CIF</Name><Resolution>352*288</Resolution><VideoFrameRate>0,1,2,3,4,5,6,7,8,9,10,11,12,13,14,15,16</VideoFrameRate><VideoBitrate><Min>32</Min><Max>4096</Max></VideoBitrate></VideoResolutionEntry><VideoResolutionEntry><Index>2</Index><Name>QCIF</Name><Resolution>172*144</Resolution><VideoFrameRate>0,1,2,3,4,5,6,7,8,9,10,11,12,13,14,15,16</VideoFrameRate><VideoBitrate><Min>32</Min><Max>4096</Max></VideoBitrate></VideoResolutionEntry><VideoResolutionEntry><Index>4</Index><Name>2CIF</Name><Resolution>704*288</Resolution><VideoFrameRate>0,1,2,3,4,5,6,7,8,9,10,11,12,13,14,15,16</VideoFrameRate><VideoBitrate><Min>32</Min><Max>4096</Max></VideoBitrate></VideoResolutionEntry><VideoResolutionEntry><Index>36</Index><Name>WD1</Name><Resolution>960*576</Resolution><VideoFrameRate>0,1,2,3,4,5,6,7,8,9,10,11,12,13,14,15,16</VideoFrameRate><VideoBitrate><Min>32</Min><Max>4096</Max></VideoBitrate></VideoResolutionEntry></VideoResolutionList><IntervalBPFrame><Range>2</Range></IntervalBPFrame></MainChannel><SubChannelList><SubChannelEntry><index>1</index><VideoEncodeType><Range>1</Range></VideoEncodeType><VideoResolutionList><VideoResolutionEntry><Index>1</Index><Name>CIF</Name><Resolution>352*288</Resolution><VideoFrameRate>0,1,2,3,4,5,6,7,8,9,10,11,12,13,14,15,16</VideoFrameRate><VideoBitrate><Min>32</Min><Max>4096</Max></VideoBitrate></VideoResolutionEntry><VideoResolutionEntry><Index>2</Index><Name>QCIF</Name><Resolution>172*144</Resolution><VideoFrameRate>0,1,2,3,4,5,6,7,8,9,10,11,12,13,14,15,16</VideoFrameRate><VideoBitrate><Min>32</Min><Max>4096</Max></VideoBitrate></VideoResolutionEntry></VideoResolutionList><IntervalBPFrame><Range>2</Range></IntervalBPFrame></SubChannelEntry></SubChannelList><EventChannel><VideoEncodeType><Range>1</Range></VideoEncodeType><VideoResolutionList><VideoResolutionEntry><Index>1</Index><Name>CIF</Name><Resolution>352*288</Resolution><VideoFrameRate>0,1,2,3,4,5,6,7,8,9,10,11,12,13,14,15,16</VideoFrameRate><VideoBitrate><Min>32</Min><Max>4096</Max></VideoBitrate></VideoResolutionEntry><VideoResolutionEntry><Index>2</Index><Name>QCIF</Name><Resolution>176*144</Resolution><VideoFrameRate>0,1,2,3,4,5,6,7,8,9,10,11,12,13,14,15,16</VideoFrameRate><VideoBitrate><Min>32</Min><Max>4096</Max></VideoBitrate></VideoResolutionEntry><VideoResolutionEntry><Index>4</Index><Name>2CIF</Name><Resolution>704*288</Resolution><VideoFrameRate>0,1,2,3,4,5,6,7,8,9,10,11,12,13,14,15,16</VideoFrameRate><VideoBitrate><Min>32</Min><Max>4096</Max></VideoBitrate></VideoResolutionEntry><VideoResolutionEntry><Index>36</Index><Name>WD1</Name><Resolution>960*576</Resolution><VideoFrameRate>0,1,2,3,4,5,6,7,8,9,10,11,12,13,14,15,16</VideoFrameRate><VideoBitrate><Min>32</Min><Max>4096</Max></VideoBitrate></VideoResolutionEntry></VideoResolutionList></EventChannel></ChannelEntry></ChannelList></VideoCompressInfo></AudioVideoCompressInfo><UserAbility version="2.0"><userNum>16</userNum><userPriority opt="admin,viewer,operator,none"/><userNameLength min="1" max="32"/><userPasswordLength min="1" max="16"/><LocalPermission><permissionType opt="PTZControl,record,playback,parameterConfig,logOrStateCheck,restartOrShutdown,upgrade,backup"/></LocalPermission><RemotePermission><permissionType opt="preview, voiceTalk, alarmOutOrUpload, transParentChannel, contorlLocalOut,PTZControl,record,playback,parameterConfig,logOrStateCheck,restartOrShutdown,upgrade,backup"/></RemotePermission><UserNet><IPV4Address>true</IPV4Address><MACAddress>true</MACAddress></UserNet><ViewerDefaultPermission><LocalPermission><permissionType opt="PTZControl,record,playback,parameterConfig,logOrStateCheck,restartOrShutdown,upgrade,backup"/></LocalPermission><RemotePermission><permissionType opt="preview, voiceTalk, alarmOutOrUpload, transParentChannel, contorlLocalOut,PTZControl,record,playback,parameterConfig,logOrStateCheck,restartOrShutdown,upgrade,backup"/></RemotePermission></ViewerDefaultPermission><OperatorDefaultPermission><LocalPermission><permissionType opt="PTZControl,record,playback,parameterConfig,logOrStateCheck,restartOrShutdown,upgrade,backup"/></LocalPermission><RemotePermission><permissionType opt="preview, voiceTalk, alarmOutOrUpload, transParentChannel, contorlLocalOut,PTZControl,record,playback,parameterConfig,logOrStateCheck,restartOrShutdown,upgrade,backup"/></RemotePermission></OperatorDefaultPermission></UserAbility><VideoPicAbility version="2.0"><channelNO>1</channelNO><OSD><ChannelName><enabled>true</enabled></ChannelName><Week><enabled>true</enabled></Week><OSDType opt="xxxx-xx-xxYMD,xx-xx-xxxxMDY,xxxxYxxMxxD,xxMxxDxxxxY,xx-xx-xxxxDMY,xxDxxMxxxxY"/><OSDAttrib opt="1,2,3,4"/><OSDHourType opt="24Hour,12Hour"/></OSD><MotionDetection><regionType opt="grid"/><Grid><VideoFormatP><rowGranularity>18</rowGranularity><columnGranularity>22</columnGranularity></VideoFormatP><VideoFormatN><rowGranularity>15</rowGranularity><columnGranularity>22</columnGranularity></VideoFormatN></Grid><sensitivityLevel min="0" max="5"/><alarmTime>4</alarmTime><alarmHandleType opt="monitor,audio,center,alarmout,picture"/></MotionDetection><VILostDetection><alarmTime>4</alarmTime><alarmHandleType opt="monitor,audio,center,alarmout,picture"/></VILostDetection><HideDetection><HideAreaNum>1</HideAreaNum><HideArea><id>1</id><PAL><AreaX min="0" max="704"/><AreaY min="0" max="567"/></PAL><NTSC><AreaX min="0" max="704"/><AreaY min="0" max="480"/></NTSC></HideArea><sensitivity opt="none,low,middle,high"/><alarmTime>4</alarmTime><alarmHandleType opt="monitor,audio,center,alarmout,picture"/></HideDetection><PrivacyMask><PrivacyMaskAreaNum>1</PrivacyMaskAreaNum><PrivacyMaskArea><id>1</id><PAL><AreaX min="0" max="704"/><AreaY min="0" max="567"/></PAL><NTSC><AreaX min="0" max="704"/><AreaY min="0" max="480"/></NTSC></PrivacyMaskArea></PrivacyMask><VideoInputEffect><mode opt="standard,mode1,mode2,mode3,selfDefine"/><bright min="0" max="255"/><contrast min="0" max="255"/><saturation min="0" max="255"/><hue min="0" max="255"/></VideoInputEffect></VideoPicAbility></DecviceAbility>
