<?xml version="1.0" encoding="UTF-8"?>
<DecviceAbility version="2.0">
	<BasicCapability version="2.0">
		<HardwareCapability>
			<HardwareVersion>220</HardwareVersion>
			<AlarmInPortNum>16</AlarmInPortNum>
			<AlarmOutPortNum>4</AlarmOutPortNum>
			<RS232Num>1</RS232Num>
			<RS485Num>1</RS485Num>
			<NetworkPortNum>1</NetworkPortNum>
			<USBNum>3</USBNum>
			<FlashSize>16</FlashSize>
			<RamSize>512</RamSize>
			<USBVersion>2.0</USBVersion>
			<SATANum>8</SATANum>
			<eSATANum>1</eSATANum>
			<VideoInNum>16</VideoInNum>
			<AudioInNum>16</AudioInNum>
			<VideoOutNum>4</VideoOutNum>
			<AudioTalkNum>1</AudioTalkNum>
			<VideoOutSupport>1</VideoOutSupport>
			<ResetSupport>1</ResetSupport>
			<AnalogChannelNum>16</AnalogChannelNum>
			<VGANumber>1</VGANumber>
			<HDMINumber>1</HDMINumber>
			<CVBSNumber>1</CVBSNumber>
			<AuxoutNumber>1</AuxoutNumber>
		</HardwareCapability>
		<SoftwareCapability>
			<MaxNetworkHDNum>8</MaxNetworkHDNum>
			<NasSupport>1</NasSupport>
			<NasNumber>8</NasNumber>
			<ShowStringNumber>8</ShowStringNumber>
			<MotionDetectAlarmSupport>1</MotionDetectAlarmSupport>
			<VILostAlarmSupport>1</VILostAlarmSupport>
			<HideAlarmSupport>1</HideAlarmSupport>
			<ShelterSupport>1</ShelterSupport>
			<RtspSupport>1</RtspSupport>
			<RtpoverRtspSupport>1</RtpoverRtspSupport>
			<NtpSupport>1</NtpSupport>
			<PtzSupport>1</PtzSupport>
			<DDNSSupport>1</DDNSSupport>
			<DDNSHostType>0,1,2,3,4</DDNSHostType>
			<SNMPSupport>1</SNMPSupport>
			<SNMPVersion>2</SNMPVersion>
			<iSCSISupport>1</iSCSISupport>
			<iSCSINum>1</iSCSINum>
			<Ipv6Support>1</Ipv6Support>
			<MultipleStreamSupport>1</MultipleStreamSupport>
			<SubStreamSupport>1</SubStreamSupport>
			<EmailSupport>1</EmailSupport>
			<SADPVersion>1</SADPVersion>
			<BackupSupport>1</BackupSupport>
			<FindFileByEventSupport>1</FindFileByEventSupport>
			<SmartSearchSupport>1</SmartSearchSupport>
			<FileLockSupport>1</FileLockSupport>
			<MaxLoginNum>128</MaxLoginNum>
			<MaxPreviewNum>128</MaxPreviewNum>
			<MaxPlayBackNum>16</MaxPlayBackNum>
			<MaxChanLinkNum>128</MaxChanLinkNum>
			<ShutDownSupport>1</ShutDownSupport>
			<GuestUser>1</GuestUser>
			<NeedReboot>
				<ImportConfigurationFileReboot>1</ImportConfigurationFileReboot>
				<EsataUseageChange>1</EsataUseageChange>
				<AlarmInTypeChange>1</AlarmInTypeChange>
				<RestoreConfig>1</RestoreConfig>
				<RS232workModeChange>1</RS232workModeChange>
				<NetPortChange>1</NetPortChange>
				<RtspPortChange>1</RtspPortChange>
				<PPPoEChange>1</PPPoEChange>
				<NetMultiCastIPChange>1</NetMultiCastIPChange>
				<HardDiskParamChange>1</HardDiskParamChange>
				<StandardTypeChange>1</StandardTypeChange>
			</NeedReboot>
		</SoftwareCapability>
	</BasicCapability>
	<AudioVideoCompressInfo version="2.0">
		<AudioCompressInfo>
			<Audio>
				<ChannelList>
					<ChannelEntry>
						<ChannelNumber>1</ChannelNumber>
						<MainAudioEncodeType>
							<Range>1</Range>
						</MainAudioEncodeType>
						<SubAudioEncodeType>
							<Range>1</Range>
						</SubAudioEncodeType>
						<EventAudioEncodeType>
							<Range>1</Range>
						</EventAudioEncodeType>
					</ChannelEntry>
				</ChannelList>
			</Audio>
			<VoiceTalk>
				<ChannelList>
					<ChannelEntry>
						<ChannelNumber>1</ChannelNumber>
						<VoiceTalkEncodeType>
							<Range>1</Range>
						</VoiceTalkEncodeType>
					</ChannelEntry>
				</ChannelList>
			</VoiceTalk>
		</AudioCompressInfo>
		<VideoCompressInfo>
			<ChannelList>
				<ChannelEntry>
					<ChannelNumber>1</ChannelNumber>
					<MainChannel>
						<VideoEncodeType>
							<Range>1,0xff</Range>
						</VideoEncodeType>
						<VideoResolutionList>
							<VideoResolutionEntry>
								<Index>1</Index>
								<Name>CIF</Name>
								<Resolution>352*240</Resolution>
								<VideoFrameRate>0,1,2,3,4,5,6,7,8,9,10,11,12,13,14,15,16</VideoFrameRate>
								<VideoBitrate>
									<Min>32</Min>
									<Max>3072</Max>
								</VideoBitrate>
							</VideoResolutionEntry>
							<VideoResolutionEntry>
								<Index>2</Index>
								<Name>QCIF</Name>
								<Resolution>172*120</Resolution>
								<VideoFrameRate>0,1,2,3,4,5,6,7,8,9,10,11,12,13,14,15,16</VideoFrameRate>
								<VideoBitrate>
									<Min>32</Min>
									<Max>3072</Max>
								</VideoBitrate>
							</VideoResolutionEntry>
							<VideoResolutionEntry>
								<Index>3</Index>
								<Name>4CIF</Name>
								<Resolution>704*480</Resolution>
								<VideoFrameRate>0,1,2,3,4,5,6,7,8,9,10,11</VideoFrameRate>
								<VideoBitrate>
									<Min>32</Min>
									<Max>3072</Max>
								</VideoBitrate>
							</VideoResolutionEntry>
							<VideoResolutionEntry>
								<Index>4</Index>
								<Name>2CIF</Name>
								<Resolution>704*240</Resolution>
								<VideoFrameRate>0,1,2,3,4,5,6,7,8,9,10,11,12,13,14,15,16</VideoFrameRate>
								<VideoBitrate>
									<Min>32</Min>
									<Max>3072</Max>
								</VideoBitrate>
								<VideoResolutionEntry>
									<Index>1</Index>
									<Name>CIF</Name>
									<Resolution>352*240</Resolution>
									<VideoFrameRate>0,1,2,3,4,5,6,7,8,9,10,11</VideoFrameRate>
									<VideoBitrate>
										<Min>32</Min>
										<Max>3072</Max>
									</VideoBitrate>
								</VideoResolutionEntry>
								<VideoResolutionEntry>
									<Index>2</Index>
									<Name>QCIF</Name>
									<Resolution>172*144</Resolution>
									<VideoFrameRate>0,1,2,3,4,5,6,7,8,9,10,11,12,13,14,15,16</VideoFrameRate>
									<VideoBitrate>
										<Min>32</Min>
										<Max>3072</Max>
									</VideoBitrate>
								</VideoResolutionEntry>
							</VideoResolutionEntry>
							<IntervalBPFrame>
								<Range>2</Range>
							</IntervalBPFrame>
						</VideoResolutionList>
					</MainChannel>
					<EventChannel>
						<VideoEncodeType>
							<Range>1,0xff</Range>
						</VideoEncodeType>
						<VideoResolutionList>
							<VideoResolutionEntry>
								<Index>1</Index>
								<Name>CIF</Name>
								<Resolution>352*240</Resolution>
								<VideoFrameRate>0,1,2,3,4,5,6,7,8,9,10,11,12,13,14,15,16</VideoFrameRate>
								<VideoBitrate>
									<Min>32</Min>
									<Max>3072</Max>
								</VideoBitrate>
							</VideoResolutionEntry>
							<VideoResolutionEntry>
								<Index>2</Index>
								<Name>QCIF</Name>
								<Resolution>172*120</Resolution>
								<VideoFrameRate>0,1,2,3,4,5,6,7,8,9,10,11,12,13,14,15,16</VideoFrameRate>
								<VideoBitrate>
									<Min>32</Min>
									<Max>3072</Max>
								</VideoBitrate>
							</VideoResolutionEntry>
							<VideoResolutionEntry>
								<Index>3</Index>
								<Name>4CIF</Name>
								<Resolution>704*480</Resolution>
								<VideoFrameRate>0,1,2,3,4,5,6,7,8,9,10,11</VideoFrameRate>
								<VideoBitrate>
									<Min>32</Min>
									<Max>3072</Max>
								</VideoBitrate>
							</VideoResolutionEntry>
							<VideoResolutionEntry>
								<Index>4</Index>
								<Name>2CIF</Name>
								<Resolution>704*240</Resolution>
								<VideoFrameRate>0,1,2,3,4,5,6,7,8,9,10,11,12,13,14,15,16</VideoFrameRate>
								<VideoBitrate>
									<Min>32</Min>
									<Max>3072</Max>
								</VideoBitrate>
							</VideoResolutionEntry>
						</VideoResolutionList>
					</EventChannel>
				</ChannelEntry>
			</ChannelList>
		</VideoCompressInfo>
	</AudioVideoCompressInfo>
	<RecordAbility version="2.0">
  <Label>true</Label>
  <RecordScheduleNum>8</RecordScheduleNum>
 </RecordAbility>
</DecviceAbility>
