<?xml version="1.0" encoding="UTF-8"?>
<DecviceAbility version="2.0"><BasicCapability version="2.0"><HardwareCapability><HardwareVersion>0x0</HardwareVersion><AlarmInPortNum>1</AlarmInPortNum><AlarmOutPortNum>1</AlarmOutPortNum><RS232Num>1</RS232Num><RS485Num>1</RS485Num><NetworkPortNum>1</NetworkPortNum><FlashSize>8</FlashSize><RamSize>64</RamSize><SDNum>1</SDNum><AudioInNum>1</AudioInNum><VideoOutNum>1</VideoOutNum><AudioOutNum>1</AudioOutNum><AudioTalkNum>1</AudioTalkNum><SDSupport>1</SDSupport><POESupport>1</POESupport><ResetSupport>1</ResetSupport></HardwareCapability><SoftwareCapability><MaxNetworkHDNum>1</MaxNetworkHDNum><NasSupport>1</NasSupport><NasNumber>1</NasNumber><ShowStringNumber>8</ShowStringNumber><MotionDetectAlarmSupport>1</MotionDetectAlarmSupport><HideAlarmSupport>1</HideAlarmSupport><ShelterSupport>1</ShelterSupport><RtspSupport>1</RtspSupport><RtpoverRtspSupport>1</RtpoverRtspSupport><RtspoverHttpSupport>1</RtspoverHttpSupport><EptzSupport>1</EptzSupport><PtzSupport>1</PtzSupport><DDNSSupport>1</DDNSSupport><DDNSHostType>0</DDNSHostType><MultipleStreamSupport>1</MultipleStreamSupport><SubStreamSupport>1</SubStreamSupport><SADPVersion>0</SADPVersion><MaxLoginNum>24</MaxLoginNum><MaxPreviewNum>6</MaxPreviewNum><MaxPlayBackNum>18</MaxPlayBackNum><MaxChanLinkNum>6</MaxChanLinkNum><RS232Config>1</RS232Config><PPPoEConfig>1</PPPoEConfig><NotSupportDiskQuota>1</NotSupportDiskQuota><SingleStorageMaxCap>16</SingleStorageMaxCap><NeedReboot><RS232workModeChange>1</RS232workModeChange><NetPortChange>1</NetPortChange><RtspPortChange>1</RtspPortChange><DhcpEnableChange>1</DhcpEnableChange><HttpPortChange>1</HttpPortChange><PPPoEChange>1</PPPoEChange><NetMultiCastIPChange>1</NetMultiCastIPChange><VideoEncodeTypeChange>1</VideoEncodeTypeChange><AudioEncodeTypeChange>1</AudioEncodeTypeChange><StandardTypeChange>1</StandardTypeChange><LineCodingEnableChange>1</LineCodingEnableChange></NeedReboot></SoftwareCapability></BasicCapability><CAMERAPARA version="2.0"><ChannelList><ChannelEntry><ChannelNumber>1</ChannelNumber><PowerLineFrequencyMode><Range>0,1</Range><Default>0</Default></PowerLineFrequencyMode><WhiteBalance><WhiteBalanceMode><Range>2,10</Range><Default>10</Default></WhiteBalanceMode></WhiteBalance><Exposure><ExposureMode><Range>0,1</Range><Default>0</Default></ExposureMode><ExposureSet><Range>1,3,4</Range></ExposureSet><exposureUSERSET><Min>0</Min><Max>80000</Max><Default>40000</Default></exposureUSERSET><ExposureTarget><Min>0</Min><Max>80000</Max><Default>40000</Default></ExposureTarget></Exposure><IrisMode><Range>1</Range><Default>1</Default></IrisMode><GainLevel><Min>0</Min><Max>255</Max><Default>125</Default></GainLevel><BrightnessLevel><Min>0</Min><Max>255</Max><Default>125</Default></BrightnessLevel><ContrastLevel><Min>0</Min><Max>255</Max><Default>125</Default></ContrastLevel><SaturationLevel><Min>0</Min><Max>255</Max><Default>125</Default></SaturationLevel><HueLevel><Min>0</Min><Max>255</Max><Default>125</Default></HueLevel><DayNightFilter><DayNightFilterType><Range>0,1,2</Range><Default>2</Default></DayNightFilterType><SwitchSchedule><SwitchScheduleEnabled><Range>0,1</Range><Default>1</Default></SwitchScheduleEnabled><DayToNightFilterLevel><Range>0,1,2,3,4,5,6,7</Range><Default>3</Default></DayToNightFilterLevel><NightToDayFilterLevel><Range>0,1,2,3,4,5,6,7</Range><Default>3</Default></NightToDayFilterLevel><DayNightFilterTime><Min>0</Min><Max>25</Max><Default>5</Default></DayNightFilterTime><NightDayFilterTime><Min>0</Min><Max>25</Max><Default>6</Default></NightDayFilterTime></SwitchSchedule></DayNightFilter><Mirror><Range>0,1,2,3</Range><Default>0</Default></Mirror><EPTZ><Range>1</Range></EPTZ></ChannelEntry></ChannelList></CAMERAPARA><AudioVideoCompressInfo version="2.0"><AudioCompressInfo><Audio><ChannelList><ChannelEntry><ChannelNumber>1</ChannelNumber><MainAudioEncodeType><Range>1</Range></MainAudioEncodeType><SubAudioEncodeType><Range>1</Range></SubAudioEncodeType><EventAudioEncodeType><Range>1</Range></EventAudioEncodeType></ChannelEntry></ChannelList></Audio><VoiceTalk><ChannelList><ChannelEntry><ChannelNumber>1</ChannelNumber><VoiceTalkEncodeType><Range>1</Range></VoiceTalkEncodeType></ChannelEntry></ChannelList></VoiceTalk></AudioCompressInfo><VideoCompressInfo><ChannelList><ChannelEntry><ChannelNumber>1</ChannelNumber><MainChannel><VideoEncodeType><Range>0,1,2</Range></VideoEncodeType><VideoResolutionList><VideoResolutionEntry><Index>0</Index><Name>DCIF</Name><Resolution>528*384</Resolution><VideoFrameRate>0,1,2,3,4,5,6,7,8,9,10,11,12,13,14,15,16</VideoFrameRate><VideoBitrate><Min>32</Min><Max>8192</Max></VideoBitrate></VideoResolutionEntry><VideoResolutionEntry><Index>1</Index><Name>CIF</Name><Resolution>352*288</Resolution><VideoFrameRate>0,1,2,3,4,5,6,7,8,9,10,11,12,13,14,15,16</VideoFrameRate><VideoBitrate><Min>32</Min><Max>8192</Max></VideoBitrate></VideoResolutionEntry><VideoResolutionEntry><Index>2</Index><Name>QCIF</Name><Resolution>172*144</Resolution><VideoFrameRate>0,1,2,3,4,5,6,7,8,9,10,11,12,13,14,15,16</VideoFrameRate><VideoBitrate><Min>32</Min><Max>8192</Max></VideoBitrate></VideoResolutionEntry><VideoResolutionEntry><Index>3</Index><Name>4CIF</Name><Resolution>704*576</Resolution><VideoFrameRate>0,1,2,3,4,5,6,7,8,9,10,11,12,13,14,15,16</VideoFrameRate><VideoBitrate><Min>32</Min><Max>8192</Max></VideoBitrate></VideoResolutionEntry><VideoResolutionEntry><Index>16</Index><Name>VGA</Name><Resolution>640*480</Resolution><VideoFrameRate>0,1,2,3,4,5,6,7,8,9,10,11,12,13,14,15,16</VideoFrameRate><VideoBitrate><Min>32</Min><Max>8192</Max></VideoBitrate></VideoResolutionEntry><VideoResolutionEntry><Index>17</Index><Name>UXGA</Name><Resolution>1600*1200</Resolution><VideoFrameRate>0,1,2,3,4,5,6,7,8</VideoFrameRate><VideoBitrate><Min>32</Min><Max>8192</Max></VideoBitrate></VideoResolutionEntry><VideoResolutionEntry><Index>18</Index><Name>SVGA</Name><Resolution>800*600</Resolution><VideoFrameRate>0,1,2,3,4,5,6,7,8,9,10,11,12,13,14,15,16</VideoFrameRate><VideoBitrate><Min>32</Min><Max>8192</Max></VideoBitrate></VideoResolutionEntry><VideoResolutionEntry><Index>19</Index><Name>HD720p</Name><Resolution>1280*720</Resolution><VideoFrameRate>0,1,2,3,4,5,6,7,8,9,10,11</VideoFrameRate><VideoBitrate><Min>32</Min><Max>8192</Max></VideoBitrate></VideoResolutionEntry><VideoResolutionEntry><Index>21</Index><Name>HD900p</Name><Resolution>1600*912</Resolution><VideoFrameRate>0,1,2,3,4,5,6,7,8</VideoFrameRate><VideoBitrate><Min>32</Min><Max>8192</Max></VideoBitrate></VideoResolutionEntry></VideoResolutionList><IntervalBPFrame><Range>0,1,2</Range></IntervalBPFrame></MainChannel><SubChannelList><SubChannelEntry><index>1</index><VideoEncodeType><Range>0,1,2</Range></VideoEncodeType><VideoResolutionList><VideoResolutionEntry><Index>1</Index><Name>CIF</Name><Resolution>352*288</Resolution><VideoFrameRate>0,1,2,3,4,5,6,7,8,9,10,11,12,13,14,15,16</VideoFrameRate><VideoBitrate><Min>32</Min><Max>8192</Max></VideoBitrate></VideoResolutionEntry><VideoResolutionEntry><Index>2</Index><Name>QCIF</Name><Resolution>172*144</Resolution><VideoFrameRate>0,1,2,3,4,5,6,7,8,9,10,11,12,13,14,15,16</VideoFrameRate><VideoBitrate><Min>32</Min><Max>8192</Max></VideoBitrate></VideoResolutionEntry></VideoResolutionList><IntervalBPFrame><Range>0,1,2</Range></IntervalBPFrame></SubChannelEntry></SubChannelList></ChannelEntry></ChannelList></VideoCompressInfo></AudioVideoCompressInfo><SerialAbility version="2.0"><RS232><RS232Num>1</RS232Num><RS232Entry><baudRate opt="50,75,110,150,300,600,1200,2400,4800,9600,19200,38400,57600,76800,115.2k"/><dataBit opt="5,6,7,8"/><stopBit opt="1,2"/><parity opt="none,odd,even"/><flowcontrol opt="none,hard,soft"/><workMode opt="narrowBand,console,transparentChan"/></RS232Entry></RS232><RS485><RS485Num>1</RS485Num><RS485Entry><baudRate opt="50,75,110,150,300,600,1200,2400,4800,9600,19200,38400,57600,76800,115.2k"/><dataBit opt="5,6,7,8"/><stopBit opt="1,2"/><parity opt="none,odd,even"/><flowcontrol opt="none,hard,soft"/><decoderAddress min="0" max="255"/></RS485Entry></RS485></SerialAbility><UserAbility version="2.0"><userNum>16</userNum><userPriority opt="admin,viewer,operator,none"/><userNameLength min="1" max="32"/><userPasswordLength min="1" max="16"/><RemotePermission><permissionType opt="preview, voiceTalk, alarmOutOrUpload, transParentChannel, ,PTZControl,record,playback,parameterConfig,logOrStateCheck,restartOrShutdown,upgrade"/></RemotePermission><UserNet><IPV4Address>true</IPV4Address><MACAddress>true</MACAddress></UserNet><AlarmPermission><alarmOn>1</alarmOn><alarmOff>1</alarmOff><alarmBypass>1</alarmBypass><RemotePermission><permissionType opt="preview, voiceTalk, alarmOutOrUpload, transParentChannel, ,PTZControl,record,playback,parameterConfig,logOrStateCheck,restartOrShutdown,upgrade"/></RemotePermission><RemotePermission><permissionType opt="preview, voiceTalk, alarmOutOrUpload, transParentChannel, PTZControl,record,playback,parameterConfig,logOrStateCheck,restartOrShutdown,upgrade"/></RemotePermission></AlarmPermission></UserAbility><NetAppAbility version="2.0"><Net><NetworkInterface><networkInterfaceNum>1</networkInterfaceNum><NetworkInterfaceEntry><id>1</id><type opt="10Mbase-T,10MBase-T-full,100MBase-TX,100M-full,10M/100M/1000M-adapt"/></NetworkInterfaceEntry></NetworkInterface><multicastIpAddr opt="IPV4"/></Net></NetAppAbility><VideoPicAbility version="2.0"><channelNO>1</channelNO><OSD><ChannelName><enabled>true</enabled></ChannelName><Week><enabled>true</enabled></Week><OSDType opt="xxxx-xx-xxYMD,xx-xx-xxxxMDY,xxxxYxxMxxD,xxMxxDxxxxY,xx-xx-xxxxDMY,xxDxxMxxxxY"/><OSDAttrib opt="1,2,3,4"/><OSDHourType opt="24Hour"/></OSD><MotionDetection><regionType opt="grid"/><Grid><VideoFormatP><rowGranularity>18</rowGranularity><columnGranularity>22</columnGranularity></VideoFormatP><VideoFormatN><rowGranularity>15</rowGranularity><columnGranularity>22</columnGranularity></VideoFormatN></Grid><sensitivityLevel min="0" max="5"/><alarmTime>4</alarmTime><alarmHandleType opt="monitor,audio,center,alarmout,picture,wirelesslight"/></MotionDetection><VILostDetection><alarmTime>4</alarmTime><alarmHandleType opt="monitor,audio,center,alarmout,picture,wirelesslight"/></VILostDetection><HideDetection><HideAreaNum>1</HideAreaNum><HideArea><id>1</id><PAL><AreaX min="0" max="704"/><AreaY min="0" max="576"/></PAL><NTSC><AreaX min="0" max="704"/><AreaY min="0" max="480"/></NTSC></HideArea><sensitivity opt="none,low,middle,high"/><alarmTime>4</alarmTime><alarmHandleType opt="monitor,audio,center,alarmout,picture,wirelesslight"/></HideDetection><PrivacyMask><PrivacyMaskAreaNum>1</PrivacyMaskAreaNum><PrivacyMaskArea><id>1</id><PAL><AreaX min="0" max="704"/><AreaY min="0" max="567"/></PAL><NTSC><AreaX min="0" max="704"/><AreaY min="0" max="480"/></NTSC></PrivacyMaskArea></PrivacyMask></VideoPicAbility></DecviceAbility>
