<?xml version="1.0" encoding="UTF-8"?>
<DecviceAbility version="2.0">
	<BasicCapability version="2.0">
		<HardwareCapability>
			<HardwareVersion>220</HardwareVersion>
			<AlarmInPortNum>16</AlarmInPortNum>
			<AlarmOutPortNum>4</AlarmOutPortNum>
			<RS232Num>1</RS232Num>
			<RS485Num>1</RS485Num>
			<NetworkPortNum>2</NetworkPortNum>
			<USBNum>3</USBNum>
			<HardDiskNum>1</HardDiskNum>
			<SATANum>8</SATANum>
			<eSATANum>1</eSATANum>
			<VideoInNum>16</VideoInNum>
			<AudioInNum>16</AudioInNum>
			<VideoOutNum>3</VideoOutNum>
			<AudioOutNum>2</AudioOutNum>
			<AudioTalkNum>1</AudioTalkNum>
			<VideoOutSupport>1</VideoOutSupport>
			<ResetSupport>1</ResetSupport>
			<AnalogChannelNum>16</AnalogChannelNum>
			<VGANumber>1</VGANumber>
			<HDMINumber>1</HDMINumber>
			<CVBSNumber>1</CVBSNumber>
			<AuxoutNumber>4</AuxoutNumber>
		</HardwareCapability>
		<SoftwareCapability>
			<MaxNetworkHDNum>8</MaxNetworkHDNum>
			<NasSupport>1</NasSupport>
			<NasNumber>8</NasNumber>
			<ShowStringNumber>8</ShowStringNumber>
			<MotionDetectAlarmSupport>1</MotionDetectAlarmSupport>
			<VILostAlarmSupport>1</VILostAlarmSupport>
			<HideAlarmSupport>1</HideAlarmSupport>
			<ShelterSupport>1</ShelterSupport>
			<RtspSupport>1</RtspSupport>
			<RtpoverRtspSupport>1</RtpoverRtspSupport>
			<NtpSupport>1</NtpSupport>
			<PtzSupport>1</PtzSupport>
			<DDNSSupport>1</DDNSSupport>
			<DDNSHostType>0,1,2</DDNSHostType>
			<SNMPSupport>1</SNMPSupport>
			<SNMPVersion>2</SNMPVersion>
			<iSCSISupport>1</iSCSISupport>
			<iSCSINum>1</iSCSINum>
			<Ipv6Support>1</Ipv6Support>
			<MultipleStreamSupport>1</MultipleStreamSupport>
			<SubStreamSupport>1</SubStreamSupport>
			<EmailSupport>1</EmailSupport>
			<SADPVersion>0,1</SADPVersion>
			<BackupSupport>1</BackupSupport>
			<FindFileByEventSupport>1</FindFileByEventSupport>
			<SmartSearchSupport>1</SmartSearchSupport>
			<FileLockSupport>1</FileLockSupport>
			<MaxLoginNum>128</MaxLoginNum>
			<MaxPreviewNum>128</MaxPreviewNum>
			<MaxPlayBackNum>128</MaxPlayBackNum>
			<MaxChanLinkNum>128</MaxChanLinkNum>
			<ShutDownSupport>1</ShutDownSupport>
			<HDgroupConfig>1</HDgroupConfig>
			<RS232Config>1</RS232Config>
			<UploadFTP>1</UploadFTP>
			<SingleStorageMaxCap>16</SingleStorageMaxCap>
			<NeedReboot>
				<ImportConfigurationFileReboot>1</ImportConfigurationFileReboot>
				<EsataUseageChange>1</EsataUseageChange>
				<AlarmInTypeChange>1</AlarmInTypeChange>
				<AnalogChanEnableChange>1</AnalogChanEnableChange>
				<RestoreConfig>1</RestoreConfig>
				<RtspPortChange>1</RtspPortChange>
				<PPPoEChange>1</PPPoEChange>
				<NetMultiCastIPChange>1</NetMultiCastIPChange>
				<HardDiskParamChange>1</HardDiskParamChange>
				<StandardTypeChange>1</StandardTypeChange>
			</NeedReboot>
		</SoftwareCapability>
	</BasicCapability>
	<AudioVideoCompressInfo version="2.0">
		<AudioCompressInfo>
			<Audio>
				<ChannelList>
					<ChannelEntry>
						<ChannelNumber>1</ChannelNumber>
						<MainAudioEncodeType>
							<Range>0</Range>
						</MainAudioEncodeType>
						<SubAudioEncodeType>
							<Range>0</Range>
						</SubAudioEncodeType>
						<EventAudioEncodeType>
							<Range>0</Range>
						</EventAudioEncodeType>
					</ChannelEntry>
				</ChannelList>
			</Audio>
			<VoiceTalk>
				<ChannelList>
					<ChannelEntry>
						<ChannelNumber>1</ChannelNumber>
						<VoiceTalkEncodeType>
							<Range>0</Range>
						</VoiceTalkEncodeType>
					</ChannelEntry>
				</ChannelList>
			</VoiceTalk>
		</AudioCompressInfo>
		<VideoCompressInfo>
			<ChannelList>
				<ChannelEntry>
					<ChannelNumber>1</ChannelNumber>
					<MainChannel>
						<VideoEncodeType>
							<Range>1</Range>
						</VideoEncodeType>
						<VideoCabac>1</VideoCabac>
						<VideoResolutionList>
							<VideoResolutionEntry>
								<Index>1</Index>
								<Name>CIF</Name>
								<Resolution>352*288</Resolution>
								<VideoFrameRate>0,1,2,3,4,5,6,7,8,9,10,11,12,13,14,15,16</VideoFrameRate>
								<VideoBitrate>
									<Min>32</Min>
									<Max>8192</Max>
								</VideoBitrate>
							</VideoResolutionEntry>
							<VideoResolutionEntry>
								<Index>2</Index>
								<Name>QCIF</Name>
								<Resolution>176*144</Resolution>
								<VideoFrameRate>0,1,2,3,4,5,6,7,8,9,10,11,12,13,14,15,16</VideoFrameRate>
								<VideoBitrate>
									<Min>32</Min>
									<Max>8192</Max>
								</VideoBitrate>
							</VideoResolutionEntry>
							<VideoResolutionEntry>
								<Index>3</Index>
								<Name>4CIF</Name>
								<Resolution>704*576</Resolution>
								<VideoFrameRate>0,1,2,3,4,5,6,7,8,9,10,11,12,13,14,15,16</VideoFrameRate>
								<VideoBitrate>
									<Min>32</Min>
									<Max>8192</Max>
								</VideoBitrate>
							</VideoResolutionEntry>
							<VideoResolutionEntry>
								<Index>4</Index>
								<Name>2CIF</Name>
								<Resolution>704*288</Resolution>
								<VideoFrameRate>0,1,2,3,4,5,6,7,8,9,10,11,12,13,14,15,16</VideoFrameRate>
								<VideoBitrate>
									<Min>32</Min>
									<Max>8192</Max>
								</VideoBitrate>
							</VideoResolutionEntry>
						</VideoResolutionList>
						<IntervalBPFrame>
							<Range>2</Range>
						</IntervalBPFrame>
						<Eframe>0</Eframe>
					</MainChannel>
					<SubChannelList>
						<SubChannelEntry>
							<index>1</index>
							<VideoEncodeType>
								<Range>1</Range>
							</VideoEncodeType>
							<VideoResolutionList>
								<VideoResolutionEntry>
									<Index>1</Index>
									<Name>CIF</Name>
									<Resolution>352*288</Resolution>
									<VideoFrameRate>0,1,2,3,4,5,6,7,8,9,10,11,12,13,14,15,16</VideoFrameRate>
									<VideoBitrate>
										<Min>32</Min>
										<Max>8192</Max>
									</VideoBitrate>
								</VideoResolutionEntry>
								<VideoResolutionEntry>
									<Index>2</Index>
									<Name>QCIF</Name>
									<Resolution>176*144</Resolution>
									<VideoFrameRate>0,1,2,3,4,5,6,7,8,9,10,11,12,13,14,15,16</VideoFrameRate>
									<VideoBitrate>
										<Min>32</Min>
										<Max>8192</Max>
									</VideoBitrate>
								</VideoResolutionEntry>
							</VideoResolutionList>
							<IntervalBPFrame>
								<Range>2</Range>
							</IntervalBPFrame>
						</SubChannelEntry>
					</SubChannelList>
					<EventChannel>
						<VideoEncodeType>
							<Range>1</Range>
						</VideoEncodeType>
						<VideoResolutionList>
							<VideoResolutionEntry>
								<Index>1</Index>
								<Name>CIF</Name>
								<Resolution>352*288</Resolution>
								<VideoFrameRate>0,1,2,3,4,5,6,7,8,9,10,11,12,13,14,15,16</VideoFrameRate>
								<VideoBitrate>
									<Min>32</Min>
									<Max>8192</Max>
								</VideoBitrate>
							</VideoResolutionEntry>
							<VideoResolutionEntry>
								<Index>2</Index>
								<Name>QCIF</Name>
								<Resolution>176*144</Resolution>
								<VideoFrameRate>0,1,2,3,4,5,6,7,8,9,10,11,12,13,14,15,16</VideoFrameRate>
								<VideoBitrate>
									<Min>32</Min>
									<Max>8192</Max>
								</VideoBitrate>
							</VideoResolutionEntry>
							<VideoResolutionEntry>
								<Index>3</Index>
								<Name>4CIF</Name>
								<Resolution>704*576</Resolution>
								<VideoFrameRate>0,1,2,3,4,5,6,7,8,9,10,11,12,13,14,15,16</VideoFrameRate>
								<VideoBitrate>
									<Min>32</Min>
									<Max>8192</Max>
								</VideoBitrate>
							</VideoResolutionEntry>
							<VideoResolutionEntry>
								<Index>4</Index>
								<Name>2CIF</Name>
								<Resolution>704*288</Resolution>
								<VideoFrameRate>0,1,2,3,4,5,6,7,8,9,10,11,12,13,14,15,16</VideoFrameRate>
								<VideoBitrate>
									<Min>32</Min>
									<Max>8192</Max>
								</VideoBitrate>
							</VideoResolutionEntry>
						</VideoResolutionList>
						<IntervalBPFrame>
							<Range>2</Range>
						</IntervalBPFrame>
						<Eframe>0</Eframe>
					</EventChannel>
				</ChannelEntry>
			</ChannelList>
		</VideoCompressInfo>
	</AudioVideoCompressInfo>
	<CurrentCompressInfo version="2.0">
		<ChannelNumber>1</ChannelNumber>
		<VideoEncodeType>0</VideoEncodeType>
		<VideoResolution>0</VideoResolution>
		<VideoFrameRate>
			<Range>0,1,2,3,4,5,6,7,8,9,10,11,12,13,14,15,16</Range>
		</VideoFrameRate>
		<VideoBitrate>
			<Min>32</Min>
			<Max>16384</Max>
		</VideoBitrate>
		<SubChannelList>
			<SubChannelEntry>
				<index>1</index>
				<VideoResolutionList>
					<VideoResolutionEntry>
						<Index>0</Index>
						<VideoFrameRate>
							<Range>0,1,2,3,4,5,6,7,8,9,10,11,12,13,14,15,16</Range>
						</VideoFrameRate>
						<VideoBitrate>
							<Min>32</Min>
							<Max>16384</Max>
						</VideoBitrate>
					</VideoResolutionEntry>
					<VideoResolutionEntry>
						<Index>1</Index>
						<VideoFrameRate>
							<Range>0,1,2,3,4,5,6,7,8,9,10,11,12,13,14,15,16</Range>
						</VideoFrameRate>
						<VideoBitrate>
							<Min>32</Min>
							<Max>16384</Max>
						</VideoBitrate>
					</VideoResolutionEntry>
					<VideoResolutionEntry>
						<Index>2</Index>
						<VideoFrameRate>
							<Range>0,1,2,3,4,5,6,7,8,9,10,11,12,13,14,15,16</Range>
						</VideoFrameRate>
						<VideoBitrate>
							<Min>32</Min>
							<Max>16384</Max>
						</VideoBitrate>
					</VideoResolutionEntry>
					<VideoResolutionEntry>
						<Index>3</Index>
						<VideoFrameRate>
							<Range>0,1,2,3,4,5,6,7,8,9,10,11,12,13,14,15,16</Range>
						</VideoFrameRate>
						<VideoBitrate>
							<Min>32</Min>
							<Max>16384</Max>
						</VideoBitrate>
					</VideoResolutionEntry>
					<VideoResolutionEntry>
						<Index>4</Index>
						<VideoFrameRate>
							<Range>0,1,2,3,4,5,6,7,8,9,10,11,12,13,14,15,16</Range>
						</VideoFrameRate>
						<VideoBitrate>
							<Min>32</Min>
							<Max>16384</Max>
						</VideoBitrate>
					</VideoResolutionEntry>
					<VideoResolutionEntry>
						<Index>6</Index>
						<VideoFrameRate>
							<Range>0,1,2,3,4,5,6,7,8,9,10,11,12,13,14,15,16</Range>
						</VideoFrameRate>
						<VideoBitrate>
							<Min>32</Min>
							<Max>16384</Max>
						</VideoBitrate>
					</VideoResolutionEntry>
					<VideoResolutionEntry>
						<Index>12</Index>
						<VideoFrameRate>
							<Range>0,1,2,3,4,5,6,7,8,9,10,11,12,13,14,15,16</Range>
						</VideoFrameRate>
						<VideoBitrate>
							<Min>32</Min>
							<Max>16384</Max>
						</VideoBitrate>
					</VideoResolutionEntry>
					<VideoResolutionEntry>
						<Index>16</Index>
						<VideoFrameRate>
							<Range>0,1,2,3,4,5,6,7,8,9,10,11,12,13,14,15,16</Range>
						</VideoFrameRate>
						<VideoBitrate>
							<Min>32</Min>
							<Max>16384</Max>
						</VideoBitrate>
					</VideoResolutionEntry>
					<VideoResolutionEntry>
						<Index>17</Index>
						<VideoFrameRate>
							<Range>0,1,2,3,4,5,6,7,8,9,10,11,12,13,14,15,16</Range>
						</VideoFrameRate>
						<VideoBitrate>
							<Min>32</Min>
							<Max>16384</Max>
						</VideoBitrate>
					</VideoResolutionEntry>
					<VideoResolutionEntry>
						<Index>18</Index>
						<VideoFrameRate>
							<Range>0,1,2,3,4,5,6,7,8,9,10,11,12,13,14,15,16</Range>
						</VideoFrameRate>
						<VideoBitrate>
							<Min>32</Min>
							<Max>16384</Max>
						</VideoBitrate>
					</VideoResolutionEntry>
					<VideoResolutionEntry>
						<Index>19</Index>
						<VideoFrameRate>
							<Range>0,1,2,3,4,5,6,7,8,9,10,11,12,13,14,15,16</Range>
						</VideoFrameRate>
						<VideoBitrate>
							<Min>32</Min>
							<Max>16384</Max>
						</VideoBitrate>
					</VideoResolutionEntry>
					<VideoResolutionEntry>
						<Index>20</Index>
						<VideoFrameRate>
							<Range>0,1,2,3,4,5,6,7,8,9,10,11,12,13,14,15,16</Range>
						</VideoFrameRate>
						<VideoBitrate>
							<Min>32</Min>
							<Max>16384</Max>
						</VideoBitrate>
					</VideoResolutionEntry>
					<VideoResolutionEntry>
						<Index>21</Index>
						<VideoFrameRate>
							<Range>0,1,2,3,4,5,6,7,8,9,10,11,12,13,14,15,16</Range>
						</VideoFrameRate>
						<VideoBitrate>
							<Min>32</Min>
							<Max>16384</Max>
						</VideoBitrate>
					</VideoResolutionEntry>
					<VideoResolutionEntry>
						<Index>22</Index>
						<VideoFrameRate>
							<Range>0,1,2,3,4,5,6,7,8,9,10,11,12,13,14,15,16</Range>
						</VideoFrameRate>
						<VideoBitrate>
							<Min>32</Min>
							<Max>16384</Max>
						</VideoBitrate>
					</VideoResolutionEntry>
					<VideoResolutionEntry>
						<Index>27</Index>
						<VideoFrameRate>
							<Range>0,1,2,3,4,5,6,7,8,9,10,11,12,13,14,15,16</Range>
						</VideoFrameRate>
						<VideoBitrate>
							<Min>32</Min>
							<Max>16384</Max>
						</VideoBitrate>
					</VideoResolutionEntry>
					<VideoResolutionEntry>
						<Index>28</Index>
						<VideoFrameRate>
							<Range>0,1,2,3,4,5,6,7,8,9,10,11,12,13,14,15,16</Range>
						</VideoFrameRate>
						<VideoBitrate>
							<Min>32</Min>
							<Max>16384</Max>
						</VideoBitrate>
					</VideoResolutionEntry>
					<VideoResolutionEntry>
						<Index>29</Index>
						<VideoFrameRate>
							<Range>0,1,2,3,4,5,6,7,8,9,10,11,12,13,14,15,16</Range>
						</VideoFrameRate>
						<VideoBitrate>
							<Min>32</Min>
							<Max>16384</Max>
						</VideoBitrate>
					</VideoResolutionEntry>
					<VideoResolutionEntry>
						<Index>30</Index>
						<VideoFrameRate>
							<Range>0,1,2,3,4,5,6,7,8,9,10,11,12,13,14,15,16</Range>
						</VideoFrameRate>
						<VideoBitrate>
							<Min>32</Min>
							<Max>16384</Max>
						</VideoBitrate>
					</VideoResolutionEntry>
					<VideoResolutionEntry>
						<Index>31</Index>
						<VideoFrameRate>
							<Range>0,1,2,3,4,5,6,7,8,9,10,11,12,13,14,15,16</Range>
						</VideoFrameRate>
						<VideoBitrate>
							<Min>32</Min>
							<Max>16384</Max>
						</VideoBitrate>
					</VideoResolutionEntry>
					<VideoResolutionEntry>
						<Index>32</Index>
						<VideoFrameRate>
							<Range>0,1,2,3,4,5,6,7,8,9,10,11,12,13,14,15,16</Range>
						</VideoFrameRate>
						<VideoBitrate>
							<Min>32</Min>
							<Max>16384</Max>
						</VideoBitrate>
					</VideoResolutionEntry>
					<VideoResolutionEntry>
						<Index>33</Index>
						<VideoFrameRate>
							<Range>0,1,2,3,4,5,6,7,8,9,10,11,12,13,14,15,16</Range>
						</VideoFrameRate>
						<VideoBitrate>
							<Min>32</Min>
							<Max>16384</Max>
						</VideoBitrate>
					</VideoResolutionEntry>
					<VideoResolutionEntry>
						<Index>34</Index>
						<VideoFrameRate>
							<Range>0,1,2,3,4,5,6,7,8,9,10,11,12,13,14,15,16</Range>
						</VideoFrameRate>
						<VideoBitrate>
							<Min>32</Min>
							<Max>16384</Max>
						</VideoBitrate>
					</VideoResolutionEntry>
					<VideoResolutionEntry>
						<Index>35</Index>
						<VideoFrameRate>
							<Range>0,1,2,3,4,5,6,7,8,9,10,11,12,13,14,15,16</Range>
						</VideoFrameRate>
						<VideoBitrate>
							<Min>32</Min>
							<Max>16384</Max>
						</VideoBitrate>
					</VideoResolutionEntry>
					<VideoResolutionEntry>
						<Index>36</Index>
						<VideoFrameRate>
							<Range>0,1,2,3,4,5,6,7,8,9,10,11,12,13,14,15,16</Range>
						</VideoFrameRate>
						<VideoBitrate>
							<Min>32</Min>
							<Max>16384</Max>
						</VideoBitrate>
					</VideoResolutionEntry>
					<VideoResolutionEntry>
						<Index>37</Index>
						<VideoFrameRate>
							<Range>0,1,2,3,4,5,6,7,8,9,10,11,12,13,14,15,16</Range>
						</VideoFrameRate>
						<VideoBitrate>
							<Min>32</Min>
							<Max>16384</Max>
						</VideoBitrate>
					</VideoResolutionEntry>
				</VideoResolutionList>
			</SubChannelEntry>
		</SubChannelList>
	</CurrentCompressInfo>
	<SerialAbility version="2.0">
		<RS232>
			<RS232Num>1</RS232Num>
			<RS232Entry>
				<baudRate opt="50,75,110,150,300,600,1200,2400,4800,9600,19200,38400,57600,76800,115.2k"/>
				<dataBit opt="5,6,7,8"/>
				<stopBit opt="1,2"/>
				<parity opt="none,odd,even"/>
				<flowcontrol opt="none,hard,soft"/>
				<workMode opt="narrowBand,console,transparentChan"/>
			</RS232Entry>
		</RS232>
		<RS485>
			<RS485Num>1</RS485Num>
			<RS485Entry>
				<baudRate opt="50,75,110,150,300,600,1200,2400,4800,9600,19200,38400,57600,76800,115.2k"/>
				<dataBit opt="5,6,7,8"/>
				<stopBit opt="1,2"/>
				<parity opt="none,odd,even"/>
				<flowcontrol opt="none,hard,soft"/>
				<decoderAddress min="0" max="255"/>
			</RS485Entry>
		</RS485>
	</SerialAbility>
	<UserAbility version="2.0">
		<userNum>16</userNum>
		<userPriority opt="admin,viewer,operator,none"/>
		<userNameLength min="1" max="32"/>
		<userPasswordLength min="1" max="16"/>
		<LocalPermission>
			<permissionType opt="PTZControl,record,playback,parameterConfig,logOrStateCheck,restartOrShutdown,upgrade,backup"/>
		</LocalPermission>
		<RemotePermission>
			<permissionType opt="preview, voiceTalk, alarmOutOrUpload, transParentChannel, contorlLocalOut,PTZControl,record,playback,parameterConfig,logOrStateCheck,restartOrShutdown,upgrade,backup"/>
		</RemotePermission>
		<UserNet>
			<IPV4Address>true</IPV4Address>
			<IPV6Address>true</IPV6Address>
			<MACAddress>true</MACAddress>
		</UserNet>
		<ViewerDefaultPermission>
			<LocalPermission>
				<permissionType opt="PTZControl,record,playback,parameterConfig,logOrStateCheck,restartOrShutdown,upgrade,backup"/>
			</LocalPermission>
			<RemotePermission>
				<permissionType opt="preview, voiceTalk, alarmOutOrUpload, transParentChannel, contorlLocalOut,PTZControl,record,playback,parameterConfig,logOrStateCheck,restartOrShutdown,upgrade,backup"/>
			</RemotePermission>
		</ViewerDefaultPermission>
		<OperatorDefaultPermission>
			<LocalPermission>
				<permissionType opt="PTZControl,record,playback,parameterConfig,logOrStateCheck,restartOrShutdown,upgrade,backup"/>
			</LocalPermission>
			<RemotePermission>
				<permissionType opt="preview, voiceTalk, alarmOutOrUpload, transParentChannel, contorlLocalOut,PTZControl,record,playback,parameterConfig,logOrStateCheck,restartOrShutdown,upgrade,backup"/>
			</RemotePermission>
		</OperatorDefaultPermission>
	</UserAbility>
	<NetAppAbility version="2.0">
		<NTP>
			<intervalUnit>minute</intervalUnit>
		</NTP>
		<Net>
			<NetworkInterface>
				<networkInterfaceNum>2</networkInterfaceNum>
				<NetworkInterfaceEntry>
					<id>1</id>
					<type opt="10Mbase-T,10MBase-T-full,100MBase-TX,100M-full,10M/100M/1000M-adapt,1000M-full"/>
					<MTU min="500" max="1500"/>
				</NetworkInterfaceEntry>
				<NetworkInterfaceEntry>
					<id>2</id>
					<type opt="10Mbase-T,10MBase-T-full,100MBase-TX,100M-full,10M/100M/1000M-adapt,1000M-full"/>
					<MTU min="500" max="1500"/>
				</NetworkInterfaceEntry>
			</NetworkInterface>
			<multicastIpAddr opt="IPV4,IPV6"/>
		</Net>
		<Email>
			<receiverNum>3</receiverNum>
			<emailTest>true</emailTest>
		</Email>
		<UPNP>
			<NATType opt="manual,auto"/>
			<serverPort>
				<enabled>true</enabled>
			</serverPort>
			<HTTPPort>
				<enabled>true</enabled>
			</HTTPPort>
			<RTSPPort>
				<enabled>true</enabled>
			</RTSPPort>
			<dirLevel opt="rootDir,topDir,subDir"/>
			<topDirMode opt="deviceName,deviceNO,deviceIP,monitor,time"/>
			<subDirMode opt="chanName,chanNO,time,laneNO"/>
		</UPNP>
	</NetAppAbility>
	<VideoPicAbility version="2.0">
		<channelNO>1</channelNO>
		<OSD>
			<ChannelName>
				<enabled>true</enabled>
			</ChannelName>
			<Week>
				<enabled>true</enabled>
			</Week>
			<OSDType opt="xxxx-xx-xxYMD,xx-xx-xxxxMDY,xxxxYxxMxxD,xxMxxDxxxxY,xx-xx-xxxxDMY,xxDxxMxxxxY"/>
			<OSDAttrib opt="1,2,3,4"/>
			<OSDHourType opt="24Hour,12Hour"/>
		</OSD>
		<MotionDetection>
			<regionType opt="grid"/>
			<Grid>
				<VideoFormatP>
					<rowGranularity>18</rowGranularity>
					<columnGranularity>22</columnGranularity>
				</VideoFormatP>
				<VideoFormatN>
					<rowGranularity>15</rowGranularity>
					<columnGranularity>22</columnGranularity>
				</VideoFormatN>
			</Grid>
			<sensitivityLevel min="0" max="5"/>
			<alarmTime>4</alarmTime>
			<alarmHandleType opt="monitor,audio,center,alarmout,picture"/>
		</MotionDetection>
		<VILostDetection>
			<alarmTime>4</alarmTime>
			<alarmHandleType opt="monitor,audio,center,alarmout,picture"/>
		</VILostDetection>
		<HideDetection>
			<HideAreaNum>1</HideAreaNum>
			<HideArea>
				<id>1</id>
				<PAL>
					<AreaX min="0" max="704"/>
					<AreaY min="0" max="567"/>
				</PAL>
				<NTSC>
					<AreaX min="0" max="704"/>
					<AreaY min="0" max="480"/>
				</NTSC>
			</HideArea>
			<sensitivity opt="none,low,middle,high"/>
			<alarmTime>4</alarmTime>
			<alarmHandleType opt="monitor,audio,center,alarmout,picture"/>
		</HideDetection>
		<PrivacyMask>
			<PrivacyMaskAreaNum>1</PrivacyMaskAreaNum>
			<PrivacyMaskArea>
				<id>1</id>
				<PAL>
					<AreaX min="0" max="704"/>
					<AreaY min="0" max="567"/>
				</PAL>
				<NTSC>
					<AreaX min="0" max="704"/>
					<AreaY min="0" max="480"/>
				</NTSC>
			</PrivacyMaskArea>
		</PrivacyMask>
		<VideoInputEffect>
			<mode opt="standard,mode1,mode2,mode3,selfDefine"/>
			<bright min="0" max="255"/>
			<contrast min="0" max="255"/>
			<saturation min="0" max="255"/>
			<hue min="0" max="255"/>
		</VideoInputEffect>
	</VideoPicAbility>
	 <RecordAbility version="2.0">
  <Label>true</Label>
  <RecordScheduleNum>8</RecordScheduleNum>
 </RecordAbility>
</DecviceAbility>
