<?xml version="1.0" encoding="UTF-8"?>
<DecviceAbility version="2.0"><BasicCapability version="2.0"><HardwareCapability><HardwareVersion>0x8</HardwareVersion><AlarmInPortNum>16</AlarmInPortNum><AlarmOutPortNum>4</AlarmOutPortNum><RS232Num>1</RS232Num><RS485Num>1</RS485Num><NetworkPortNum>1</NetworkPortNum><USBNum>3</USBNum><FlashSize>32</FlashSize><RamSize>256</RamSize><HardDiskNum>8</HardDiskNum><SATANum>8</SATANum><eSATANum>1</eSATANum><VideoOutNum>3</VideoOutNum><AudioOutNum>2</AudioOutNum><AudioTalkNum>2</AudioTalkNum><VideoOutSupport>1</VideoOutSupport><ResetSupport>1</ResetSupport><IPChannelNum>16</IPChannelNum><MultiNetworkCard>1</MultiNetworkCard><VGANumber>1</VGANumber><HDMINumber>1</HDMINumber><CVBSNumber>1</CVBSNumber><RAIDType>1</RAIDType></HardwareCapability><SoftwareCapability><MaxNetworkHDNum>8</MaxNetworkHDNum><NasSupport>1</NasSupport><NasNumber>8</NasNumber><MotionDetectAlarmSupport>1</MotionDetectAlarmSupport><VILostAlarmSupport>1</VILostAlarmSupport><HideAlarmSupport>1</HideAlarmSupport><ShelterSupport>1</ShelterSupport><RtspSupport>1</RtspSupport><RtpoverRtspSupport>1</RtpoverRtspSupport><NtpSupport>1</NtpSupport><PtzSupport>1</PtzSupport><DDNSSupport>1</DDNSSupport><DDNSHostType>0,1,2,3</DDNSHostType><iSCSISupport>1</iSCSISupport><iSCSINum>8</iSCSINum><Ipv6Support>1</Ipv6Support><MultipleStreamSupport>1</MultipleStreamSupport><SubStreamSupport>1</SubStreamSupport><EmailSupport>1</EmailSupport><SADPVersion>0</SADPVersion><ZeroChanNumber>1</ZeroChanNumber><BackupSupport>1</BackupSupport><FindFileByEventSupport>1</FindFileByEventSupport><FileLockSupport>1</FileLockSupport><MaxLoginNum>64</MaxLoginNum><MaxPreviewNum>64</MaxPreviewNum><MaxPlayBackNum>16</MaxPlayBackNum><MaxChanLinkNum>6</MaxChanLinkNum><ShutDownSupport>1</ShutDownSupport><HDgroupConfig>1</HDgroupConfig><RS232Config>1</RS232Config><PPPoEConfig>1</PPPoEConfig><RedundancyRecord>1</RedundancyRecord><UploadFTP>1</UploadFTP><NotSupportDiskQuota>1</NotSupportDiskQuota><SingleStorageMaxCap>16</SingleStorageMaxCap><NeedReboot><ImportConfigurationFileReboot>1</ImportConfigurationFileReboot><EsataUseageChange>1</EsataUseageChange><AlarmInTypeChange>1</AlarmInTypeChange><AnalogChanEnableChange>1</AnalogChanEnableChange><RestoreConfig>1</RestoreConfig><RS232workModeChange>1</RS232workModeChange><NetPortChange>1</NetPortChange><RtspPortChange>1</RtspPortChange><HttpPortChange>1</HttpPortChange><PPPoEChange>1</PPPoEChange><NetMultiCastIPChange>1</NetMultiCastIPChange><HardDiskParamChange>1</HardDiskParamChange><StandardTypeChange>1</StandardTypeChange></NeedReboot></SoftwareCapability></BasicCapability><RAID version="2.0"><RaidType><Range>1</Range></RaidType><RaidAutoRebuild><Range>1</Range></RaidAutoRebuild><AdapterUpgrade><Range>1</Range></AdapterUpgrade><MaxPdCount><Value>8</Value></MaxPdCount><MaxArrayCount><Value>8</Value></MaxArrayCount><MaxVdCount><Value>32</Value></MaxVdCount><MaxCreateVdCount><Value>8</Value></MaxCreateVdCount><SpareType><Range>1,2</Range></SpareType><RaidMode><Range>1,2,3,5</Range></RaidMode><RebuildArray><Range>1</Range></RebuildArray><MigrateArray><Range>1</Range></MigrateArray><ArrayInitType><Range>3</Range></ArrayInitType><VdInitType><Range>0,1,2</Range></VdInitType><MinVdSize><Value>100*1024</Value></MinVdSize><ArrayTaskSpeed><Value>100*1024</Value></ArrayTaskSpeed></RAID><AudioVideoCompressInfo version="2.0"><AudioCompressInfo><Audio><ChannelList><ChannelEntry><ChannelNumber>1</ChannelNumber><MainAudioEncodeType><Range>0,1,2</Range></MainAudioEncodeType><SubAudioEncodeType><Range>0,1,2</Range></SubAudioEncodeType><EventAudioEncodeType><Range>0,1,2</Range></EventAudioEncodeType></ChannelEntry></ChannelList></Audio><VoiceTalk><ChannelList><ChannelEntry><ChannelNumber>1</ChannelNumber><VoiceTalkEncodeType><Range>0,1,2</Range></VoiceTalkEncodeType></ChannelEntry></ChannelList></VoiceTalk></AudioCompressInfo><VideoCompressInfo><ChannelList><ChannelEntry><ChannelNumber>1</ChannelNumber><MainChannel><VideoEncodeType><Range>0,1,2,7</Range></VideoEncodeType><VideoResolutionList><VideoResolutionEntry><Index>0</Index><Name>DCIF</Name><Resolution>528*384</Resolution><VideoFrameRate>0,1,2,3,4,5,6,7,8,9,10,11,12,13,14,15,16</VideoFrameRate><VideoBitrate><Min>32</Min><Max>16384</Max></VideoBitrate></VideoResolutionEntry><VideoResolutionEntry><Index>1</Index><Name>CIF</Name><Resolution>352*288</Resolution><VideoFrameRate>0,1,2,3,4,5,6,7,8,9,10,11,12,13,14,15,16</VideoFrameRate><VideoBitrate><Min>32</Min><Max>16384</Max></VideoBitrate></VideoResolutionEntry><VideoResolutionEntry><Index>2</Index><Name>QCIF</Name><Resolution>176*144</Resolution><VideoFrameRate>0,1,2,3,4,5,6,7,8,9,10,11,12,13,14,15,16</VideoFrameRate><VideoBitrate><Min>32</Min><Max>16384</Max></VideoBitrate></VideoResolutionEntry><VideoResolutionEntry><Index>3</Index><Name>4CIF</Name><Resolution>704*576</Resolution><VideoFrameRate>0,1,2,3,4,5,6,7,8,9,10,11,12,13,14,15,16</VideoFrameRate><VideoBitrate><Min>32</Min><Max>16384</Max></VideoBitrate></VideoResolutionEntry><VideoResolutionEntry><Index>4</Index><Name>2CIF</Name><Resolution>704*288</Resolution><VideoFrameRate>0,1,2,3,4,5,6,7,8,9,10,11,12,13,14,15,16</VideoFrameRate><VideoBitrate><Min>32</Min><Max>16384</Max></VideoBitrate></VideoResolutionEntry><VideoResolutionEntry><Index>6</Index><Name>QVGA</Name><Resolution>320*240</Resolution><VideoFrameRate>0,1,2,3,4,5,6,7,8,9,10,11,12,13,14,15,16</VideoFrameRate><VideoBitrate><Min>32</Min><Max>16384</Max></VideoBitrate></VideoResolutionEntry><VideoResolutionEntry><Index>12</Index><Name>384*288</Name><Resolution>384*288</Resolution><VideoFrameRate>0,1,2,3,4,5,6,7,8,9,10,11,12,13,14,15,16</VideoFrameRate><VideoBitrate><Min>32</Min><Max>16384</Max></VideoBitrate></VideoResolutionEntry><VideoResolutionEntry><Index>16</Index><Name>VGA</Name><Resolution>640*480</Resolution><VideoFrameRate>0,1,2,3,4,5,6,7,8,9,10,11,12,13,14,15,16</VideoFrameRate><VideoBitrate><Min>32</Min><Max>16384</Max></VideoBitrate></VideoResolutionEntry><VideoResolutionEntry><Index>17</Index><Name>UXGA</Name><Resolution>1600*1200</Resolution><VideoFrameRate>0,1,2,3,4,5,6,7,8,9,10,11,12,13,14,15,16</VideoFrameRate><VideoBitrate><Min>32</Min><Max>16384</Max></VideoBitrate></VideoResolutionEntry><VideoResolutionEntry><Index>18</Index><Name>SVGA</Name><Resolution>800*600</Resolution><VideoFrameRate>0,1,2,3,4,5,6,7,8,9,10,11,12,13,14,15,16</VideoFrameRate><VideoBitrate><Min>32</Min><Max>16384</Max></VideoBitrate></VideoResolutionEntry><VideoResolutionEntry><Index>19</Index><Name>HD720p</Name><Resolution>1280*720</Resolution><VideoFrameRate>0,1,2,3,4,5,6,7,8,9,10,11,12,13,14,15,16</VideoFrameRate><VideoBitrate><Min>32</Min><Max>16384</Max></VideoBitrate></VideoResolutionEntry><VideoResolutionEntry><Index>20</Index><Name>XVGA</Name><Resolution>1280*960</Resolution><VideoFrameRate>0,1,2,3,4,5,6,7,8,9,10,11,12,13,14,15,16</VideoFrameRate><VideoBitrate><Min>32</Min><Max>16384</Max></VideoBitrate></VideoResolutionEntry><VideoResolutionEntry><Index>21</Index><Name>HD900p</Name><Resolution>1600*912</Resolution><VideoFrameRate>0,1,2,3,4,5,6,7,8,9,10,11,12,13,14,15,16</VideoFrameRate><VideoBitrate><Min>32</Min><Max>16384</Max></VideoBitrate></VideoResolutionEntry><VideoResolutionEntry><Index>22</Index><Name>SXGAp</Name><Resolution>1280*960</Resolution><VideoFrameRate>0,1,2,3,4,5,6,7,8,9,10,11,12,13,14,15,16</VideoFrameRate><VideoBitrate><Min>32</Min><Max>16384</Max></VideoBitrate></VideoResolutionEntry><VideoResolutionEntry><Index>27</Index><Name>1920*1080</Name><Resolution>1920*1080</Resolution><VideoFrameRate>0,1,2,3,4,5,6,7,8,9,10,11,12,13,14,15,16</VideoFrameRate><VideoBitrate><Min>32</Min><Max>16384</Max></VideoBitrate></VideoResolutionEntry><VideoResolutionEntry><Index>28</Index><Name>2560*1920</Name><Resolution>2560*1920</Resolution><VideoFrameRate>0,1,2,3,4,5,6,7,8,9,10,11,12,13,14,15,16</VideoFrameRate><VideoBitrate><Min>32</Min><Max>16384</Max></VideoBitrate></VideoResolutionEntry><VideoResolutionEntry><Index>29</Index><Name>1600*304</Name><Resolution>1600*304</Resolution><VideoFrameRate>0,1,2,3,4,5,6,7,8,9,10,11,12,13,14,15,16</VideoFrameRate><VideoBitrate><Min>32</Min><Max>16384</Max></VideoBitrate></VideoResolutionEntry><VideoResolutionEntry><Index>30</Index><Name>2048*1536</Name><Resolution>2048*1536</Resolution><VideoFrameRate>0,1,2,3,4,5,6,7,8,9,10,11,12,13,14,15,16</VideoFrameRate><VideoBitrate><Min>32</Min><Max>16384</Max></VideoBitrate></VideoResolutionEntry><VideoResolutionEntry><Index>31</Index><Name>2448*2048</Name><Resolution>2448*2048</Resolution><VideoFrameRate>0,1,2,3,4,5,6,7,8,9,10,11,12,13,14,15,16</VideoFrameRate><VideoBitrate><Min>32</Min><Max>16384</Max></VideoBitrate></VideoResolutionEntry><VideoResolutionEntry><Index>32</Index><Name>2448*1200</Name><Resolution>2448*1200</Resolution><VideoFrameRate>0,1,2,3,4,5,6,7,8,9,10,11,12,13,14,15,16</VideoFrameRate><VideoBitrate><Min>32</Min><Max>16384</Max></VideoBitrate></VideoResolutionEntry><VideoResolutionEntry><Index>33</Index><Name>2448*800</Name><Resolution>2448*800</Resolution><VideoFrameRate>0,1,2,3,4,5,6,7,8,9,10,11,12,13,14,15,16</VideoFrameRate><VideoBitrate><Min>32</Min><Max>16384</Max></VideoBitrate></VideoResolutionEntry><VideoResolutionEntry><Index>34</Index><Name>XGA</Name><Resolution>1024*768</Resolution><VideoFrameRate>0,1,2,3,4,5,6,7,8,9,10,11,12,13,14,15,16</VideoFrameRate><VideoBitrate><Min>32</Min><Max>16384</Max></VideoBitrate></VideoResolutionEntry><VideoResolutionEntry><Index>35</Index><Name>SXGA</Name><Resolution>1280*1024</Resolution><VideoFrameRate>0,1,2,3,4,5,6,7,8,9,10,11,12,13,14,15,16</VideoFrameRate><VideoBitrate><Min>32</Min><Max>16384</Max></VideoBitrate></VideoResolutionEntry><VideoResolutionEntry><Index>36</Index><Name>WD1</Name><Resolution>960*576</Resolution><VideoFrameRate>0,1,2,3,4,5,6,7,8,9,10,11,12,13,14,15,16</VideoFrameRate><VideoBitrate><Min>32</Min><Max>16384</Max></VideoBitrate></VideoResolutionEntry><VideoResolutionEntry><Index>37</Index><Name>1080i</Name><Resolution>1920*1080</Resolution><VideoFrameRate>0,1,2,3,4,5,6,7,8,9,10,11,12,13,14,15,16</VideoFrameRate><VideoBitrate><Min>32</Min><Max>16384</Max></VideoBitrate></VideoResolutionEntry></VideoResolutionList><IntervalBPFrame><Range>0,1,2</Range></IntervalBPFrame><Eframe>0</Eframe></MainChannel><SubChannelList><SubChannelEntry><index>1</index><VideoEncodeType><Range>0,1,2,7</Range></VideoEncodeType><VideoResolutionList><VideoResolutionEntry><Index>0</Index><Name>DCIF</Name><Resolution>528*384</Resolution><VideoFrameRate>0,1,2,3,4,5,6,7,8,9,10,11,12,13,14,15,16</VideoFrameRate><VideoBitrate><Min>32</Min><Max>16384</Max></VideoBitrate></VideoResolutionEntry><VideoResolutionEntry><Index>1</Index><Name>CIF</Name><Resolution>352*288</Resolution><VideoFrameRate>0,1,2,3,4,5,6,7,8,9,10,11,12,13,14,15,16</VideoFrameRate><VideoBitrate><Min>32</Min><Max>16384</Max></VideoBitrate></VideoResolutionEntry><VideoResolutionEntry><Index>2</Index><Name>QCIF</Name><Resolution>176*144</Resolution><VideoFrameRate>0,1,2,3,4,5,6,7,8,9,10,11,12,13,14,15,16</VideoFrameRate><VideoBitrate><Min>32</Min><Max>16384</Max></VideoBitrate></VideoResolutionEntry><VideoResolutionEntry><Index>3</Index><Name>4CIF</Name><Resolution>704*576</Resolution><VideoFrameRate>0,1,2,3,4,5,6,7,8,9,10,11,12,13,14,15,16</VideoFrameRate><VideoBitrate><Min>32</Min><Max>16384</Max></VideoBitrate></VideoResolutionEntry><VideoResolutionEntry><Index>4</Index><Name>2CIF</Name><Resolution>704*288</Resolution><VideoFrameRate>0,1,2,3,4,5,6,7,8,9,10,11,12,13,14,15,16</VideoFrameRate><VideoBitrate><Min>32</Min><Max>16384</Max></VideoBitrate></VideoResolutionEntry><VideoResolutionEntry><Index>6</Index><Name>QVGA</Name><Resolution>320*240</Resolution><VideoFrameRate>0,1,2,3,4,5,6,7,8,9,10,11,12,13,14,15,16</VideoFrameRate><VideoBitrate><Min>32</Min><Max>16384</Max></VideoBitrate></VideoResolutionEntry><VideoResolutionEntry><Index>12</Index><Name>384*288</Name><Resolution>384*288</Resolution><VideoFrameRate>0,1,2,3,4,5,6,7,8,9,10,11,12,13,14,15,16</VideoFrameRate><VideoBitrate><Min>32</Min><Max>16384</Max></VideoBitrate></VideoResolutionEntry><VideoResolutionEntry><Index>16</Index><Name>VGA</Name><Resolution>640*480</Resolution><VideoFrameRate>0,1,2,3,4,5,6,7,8,9,10,11,12,13,14,15,16</VideoFrameRate><VideoBitrate><Min>32</Min><Max>16384</Max></VideoBitrate></VideoResolutionEntry><VideoResolutionEntry><Index>17</Index><Name>UXGA</Name><Resolution>1600*1200</Resolution><VideoFrameRate>0,1,2,3,4,5,6,7,8,9,10,11,12,13,14,15,16</VideoFrameRate><VideoBitrate><Min>32</Min><Max>16384</Max></VideoBitrate></VideoResolutionEntry><VideoResolutionEntry><Index>18</Index><Name>SVGA</Name><Resolution>800*600</Resolution><VideoFrameRate>0,1,2,3,4,5,6,7,8,9,10,11,12,13,14,15,16</VideoFrameRate><VideoBitrate><Min>32</Min><Max>16384</Max></VideoBitrate></VideoResolutionEntry><VideoResolutionEntry><Index>19</Index><Name>HD720p</Name><Resolution>1280*720</Resolution><VideoFrameRate>0,1,2,3,4,5,6,7,8,9,10,11,12,13,14,15,16</VideoFrameRate><VideoBitrate><Min>32</Min><Max>16384</Max></VideoBitrate></VideoResolutionEntry><VideoResolutionEntry><Index>20</Index><Name>XVGA</Name><Resolution>1280*960</Resolution><VideoFrameRate>0,1,2,3,4,5,6,7,8,9,10,11,12,13,14,15,16</VideoFrameRate><VideoBitrate><Min>32</Min><Max>16384</Max></VideoBitrate></VideoResolutionEntry><VideoResolutionEntry><Index>21</Index><Name>HD900p</Name><Resolution>1600*912</Resolution><VideoFrameRate>0,1,2,3,4,5,6,7,8,9,10,11,12,13,14,15,16</VideoFrameRate><VideoBitrate><Min>32</Min><Max>16384</Max></VideoBitrate></VideoResolutionEntry><VideoResolutionEntry><Index>22</Index><Name>SXGAp</Name><Resolution>1280*960</Resolution><VideoFrameRate>0,1,2,3,4,5,6,7,8,9,10,11,12,13,14,15,16</VideoFrameRate><VideoBitrate><Min>32</Min><Max>16384</Max></VideoBitrate></VideoResolutionEntry><VideoResolutionEntry><Index>27</Index><Name>1920*1080</Name><Resolution>1920*1080</Resolution><VideoFrameRate>0,1,2,3,4,5,6,7,8,9,10,11,12,13,14,15,16</VideoFrameRate><VideoBitrate><Min>32</Min><Max>16384</Max></VideoBitrate></VideoResolutionEntry><VideoResolutionEntry><Index>28</Index><Name>2560*1920</Name><Resolution>2560*1920</Resolution><VideoFrameRate>0,1,2,3,4,5,6,7,8,9,10,11,12,13,14,15,16</VideoFrameRate><VideoBitrate><Min>32</Min><Max>16384</Max></VideoBitrate></VideoResolutionEntry><VideoResolutionEntry><Index>29</Index><Name>1600*304</Name><Resolution>1600*304</Resolution><VideoFrameRate>0,1,2,3,4,5,6,7,8,9,10,11,12,13,14,15,16</VideoFrameRate><VideoBitrate><Min>32</Min><Max>16384</Max></VideoBitrate></VideoResolutionEntry><VideoResolutionEntry><Index>30</Index><Name>2048*1536</Name><Resolution>2048*1536</Resolution><VideoFrameRate>0,1,2,3,4,5,6,7,8,9,10,11,12,13,14,15,16</VideoFrameRate><VideoBitrate><Min>32</Min><Max>16384</Max></VideoBitrate></VideoResolutionEntry><VideoResolutionEntry><Index>31</Index><Name>2448*2048</Name><Resolution>2448*2048</Resolution><VideoFrameRate>0,1,2,3,4,5,6,7,8,9,10,11,12,13,14,15,16</VideoFrameRate><VideoBitrate><Min>32</Min><Max>16384</Max></VideoBitrate></VideoResolutionEntry><VideoResolutionEntry><Index>32</Index><Name>2448*1200</Name><Resolution>2448*1200</Resolution><VideoFrameRate>0,1,2,3,4,5,6,7,8,9,10,11,12,13,14,15,16</VideoFrameRate><VideoBitrate><Min>32</Min><Max>16384</Max></VideoBitrate></VideoResolutionEntry><VideoResolutionEntry><Index>33</Index><Name>2448*800</Name><Resolution>2448*800</Resolution><VideoFrameRate>0,1,2,3,4,5,6,7,8,9,10,11,12,13,14,15,16</VideoFrameRate><VideoBitrate><Min>32</Min><Max>16384</Max></VideoBitrate></VideoResolutionEntry><VideoResolutionEntry><Index>34</Index><Name>XGA</Name><Resolution>1024*768</Resolution><VideoFrameRate>0,1,2,3,4,5,6,7,8,9,10,11,12,13,14,15,16</VideoFrameRate><VideoBitrate><Min>32</Min><Max>16384</Max></VideoBitrate></VideoResolutionEntry><VideoResolutionEntry><Index>35</Index><Name>SXGA</Name><Resolution>1280*1024</Resolution><VideoFrameRate>0,1,2,3,4,5,6,7,8,9,10,11,12,13,14,15,16</VideoFrameRate><VideoBitrate><Min>32</Min><Max>16384</Max></VideoBitrate></VideoResolutionEntry><VideoResolutionEntry><Index>36</Index><Name>WD1</Name><Resolution>960*576</Resolution><VideoFrameRate>0,1,2,3,4,5,6,7,8,9,10,11,12,13,14,15,16</VideoFrameRate><VideoBitrate><Min>32</Min><Max>16384</Max></VideoBitrate></VideoResolutionEntry><VideoResolutionEntry><Index>37</Index><Name>1080i</Name><Resolution>1920*1080</Resolution><VideoFrameRate>0,1,2,3,4,5,6,7,8,9,10,11,12,13,14,15,16</VideoFrameRate><VideoBitrate><Min>32</Min><Max>16384</Max></VideoBitrate></VideoResolutionEntry></VideoResolutionList><IntervalBPFrame><Range>0,1,2</Range></IntervalBPFrame></SubChannelEntry></SubChannelList><EventChannel><VideoEncodeType><Range>0,1,2,7</Range></VideoEncodeType><VideoResolutionList><VideoResolutionEntry><Index>0</Index><Name>DCIF</Name><Resolution>528*384</Resolution><VideoFrameRate>0,1,2,3,4,5,6,7,8,9,10,11,12,13,14,15,16</VideoFrameRate><VideoBitrate><Min>32</Min><Max>16384</Max></VideoBitrate></VideoResolutionEntry><VideoResolutionEntry><Index>1</Index><Name>CIF</Name><Resolution>352*288</Resolution><VideoFrameRate>0,1,2,3,4,5,6,7,8,9,10,11,12,13,14,15,16</VideoFrameRate><VideoBitrate><Min>32</Min><Max>16384</Max></VideoBitrate></VideoResolutionEntry><VideoResolutionEntry><Index>2</Index><Name>QCIF</Name><Resolution>176*144</Resolution><VideoFrameRate>0,1,2,3,4,5,6,7,8,9,10,11,12,13,14,15,16</VideoFrameRate><VideoBitrate><Min>32</Min><Max>16384</Max></VideoBitrate></VideoResolutionEntry><VideoResolutionEntry><Index>3</Index><Name>4CIF</Name><Resolution>704*576</Resolution><VideoFrameRate>0,1,2,3,4,5,6,7,8,9,10,11,12,13,14,15,16</VideoFrameRate><VideoBitrate><Min>32</Min><Max>16384</Max></VideoBitrate></VideoResolutionEntry><VideoResolutionEntry><Index>4</Index><Name>2CIF</Name><Resolution>704*288</Resolution><VideoFrameRate>0,1,2,3,4,5,6,7,8,9,10,11,12,13,14,15,16</VideoFrameRate><VideoBitrate><Min>32</Min><Max>16384</Max></VideoBitrate></VideoResolutionEntry><VideoResolutionEntry><Index>6</Index><Name>QVGA</Name><Resolution>320*240</Resolution><VideoFrameRate>0,1,2,3,4,5,6,7,8,9,10,11,12,13,14,15,16</VideoFrameRate><VideoBitrate><Min>32</Min><Max>16384</Max></VideoBitrate></VideoResolutionEntry><VideoResolutionEntry><Index>12</Index><Name>384*288</Name><Resolution>384*288</Resolution><VideoFrameRate>0,1,2,3,4,5,6,7,8,9,10,11,12,13,14,15,16</VideoFrameRate><VideoBitrate><Min>32</Min><Max>16384</Max></VideoBitrate></VideoResolutionEntry><VideoResolutionEntry><Index>16</Index><Name>VGA</Name><Resolution>640*480</Resolution><VideoFrameRate>0,1,2,3,4,5,6,7,8,9,10,11,12,13,14,15,16</VideoFrameRate><VideoBitrate><Min>32</Min><Max>16384</Max></VideoBitrate></VideoResolutionEntry><VideoResolutionEntry><Index>17</Index><Name>UXGA</Name><Resolution>1600*1200</Resolution><VideoFrameRate>0,1,2,3,4,5,6,7,8,9,10,11,12,13,14,15,16</VideoFrameRate><VideoBitrate><Min>32</Min><Max>16384</Max></VideoBitrate></VideoResolutionEntry><VideoResolutionEntry><Index>18</Index><Name>SVGA</Name><Resolution>800*600</Resolution><VideoFrameRate>0,1,2,3,4,5,6,7,8,9,10,11,12,13,14,15,16</VideoFrameRate><VideoBitrate><Min>32</Min><Max>16384</Max></VideoBitrate></VideoResolutionEntry><VideoResolutionEntry><Index>19</Index><Name>HD720p</Name><Resolution>1280*720</Resolution><VideoFrameRate>0,1,2,3,4,5,6,7,8,9,10,11,12,13,14,15,16</VideoFrameRate><VideoBitrate><Min>32</Min><Max>16384</Max></VideoBitrate></VideoResolutionEntry><VideoResolutionEntry><Index>20</Index><Name>XVGA</Name><Resolution>1280*960</Resolution><VideoFrameRate>0,1,2,3,4,5,6,7,8,9,10,11,12,13,14,15,16</VideoFrameRate><VideoBitrate><Min>32</Min><Max>16384</Max></VideoBitrate></VideoResolutionEntry><VideoResolutionEntry><Index>21</Index><Name>HD900p</Name><Resolution>1600*912</Resolution><VideoFrameRate>0,1,2,3,4,5,6,7,8,9,10,11,12,13,14,15,16</VideoFrameRate><VideoBitrate><Min>32</Min><Max>16384</Max></VideoBitrate></VideoResolutionEntry><VideoResolutionEntry><Index>22</Index><Name>SXGAp</Name><Resolution>1280*960</Resolution><VideoFrameRate>0,1,2,3,4,5,6,7,8,9,10,11,12,13,14,15,16</VideoFrameRate><VideoBitrate><Min>32</Min><Max>16384</Max></VideoBitrate></VideoResolutionEntry><VideoResolutionEntry><Index>27</Index><Name>1920*1080</Name><Resolution>1920*1080</Resolution><VideoFrameRate>0,1,2,3,4,5,6,7,8,9,10,11,12,13,14,15,16</VideoFrameRate><VideoBitrate><Min>32</Min><Max>16384</Max></VideoBitrate></VideoResolutionEntry><VideoResolutionEntry><Index>28</Index><Name>2560*1920</Name><Resolution>2560*1920</Resolution><VideoFrameRate>0,1,2,3,4,5,6,7,8,9,10,11,12,13,14,15,16</VideoFrameRate><VideoBitrate><Min>32</Min><Max>16384</Max></VideoBitrate></VideoResolutionEntry><VideoResolutionEntry><Index>29</Index><Name>1600*304</Name><Resolution>1600*304</Resolution><VideoFrameRate>0,1,2,3,4,5,6,7,8,9,10,11,12,13,14,15,16</VideoFrameRate><VideoBitrate><Min>32</Min><Max>16384</Max></VideoBitrate></VideoResolutionEntry><VideoResolutionEntry><Index>30</Index><Name>2048*1536</Name><Resolution>2048*1536</Resolution><VideoFrameRate>0,1,2,3,4,5,6,7,8,9,10,11,12,13,14,15,16</VideoFrameRate><VideoBitrate><Min>32</Min><Max>16384</Max></VideoBitrate></VideoResolutionEntry><VideoResolutionEntry><Index>31</Index><Name>2448*2048</Name><Resolution>2448*2048</Resolution><VideoFrameRate>0,1,2,3,4,5,6,7,8,9,10,11,12,13,14,15,16</VideoFrameRate><VideoBitrate><Min>32</Min><Max>16384</Max></VideoBitrate></VideoResolutionEntry><VideoResolutionEntry><Index>32</Index><Name>2448*1200</Name><Resolution>2448*1200</Resolution><VideoFrameRate>0,1,2,3,4,5,6,7,8,9,10,11,12,13,14,15,16</VideoFrameRate><VideoBitrate><Min>32</Min><Max>16384</Max></VideoBitrate></VideoResolutionEntry><VideoResolutionEntry><Index>33</Index><Name>2448*800</Name><Resolution>2448*800</Resolution><VideoFrameRate>0,1,2,3,4,5,6,7,8,9,10,11,12,13,14,15,16</VideoFrameRate><VideoBitrate><Min>32</Min><Max>16384</Max></VideoBitrate></VideoResolutionEntry><VideoResolutionEntry><Index>34</Index><Name>XGA</Name><Resolution>1024*768</Resolution><VideoFrameRate>0,1,2,3,4,5,6,7,8,9,10,11,12,13,14,15,16</VideoFrameRate><VideoBitrate><Min>32</Min><Max>16384</Max></VideoBitrate></VideoResolutionEntry><VideoResolutionEntry><Index>35</Index><Name>SXGA</Name><Resolution>1280*1024</Resolution><VideoFrameRate>0,1,2,3,4,5,6,7,8,9,10,11,12,13,14,15,16</VideoFrameRate><VideoBitrate><Min>32</Min><Max>16384</Max></VideoBitrate></VideoResolutionEntry><VideoResolutionEntry><Index>36</Index><Name>WD1</Name><Resolution>960*576</Resolution><VideoFrameRate>0,1,2,3,4,5,6,7,8,9,10,11,12,13,14,15,16</VideoFrameRate><VideoBitrate><Min>32</Min><Max>16384</Max></VideoBitrate></VideoResolutionEntry><VideoResolutionEntry><Index>37</Index><Name>1080i</Name><Resolution>1920*1080</Resolution><VideoFrameRate>0,1,2,3,4,5,6,7,8,9,10,11,12,13,14,15,16</VideoFrameRate><VideoBitrate><Min>32</Min><Max>16384</Max></VideoBitrate></VideoResolutionEntry></VideoResolutionList><IntervalBPFrame><Range>0,1,2</Range></IntervalBPFrame><Eframe>0</Eframe></EventChannel></ChannelEntry></ChannelList></VideoCompressInfo></AudioVideoCompressInfo><CurrentCompressInfo version="2.0"><ChannelNumber>1</ChannelNumber><VideoEncodeType>0</VideoEncodeType><VideoResolution>0</VideoResolution><VideoFrameRate><Range>0,1,2,3,4,5,6,7,8,9,10,11,12,13,14,15,16</Range></VideoFrameRate><VideoBitrate><Min>32</Min><Max>16384</Max></VideoBitrate><SubChannelList><SubChannelEntry><index>1</index><VideoResolutionList><VideoResolutionEntry><Index>0</Index><VideoFrameRate><Range>0,1,2,3,4,5,6,7,8,9,10,11,12,13,14,15,16</Range></VideoFrameRate><VideoBitrate><Min>32</Min><Max>16384</Max></VideoBitrate></VideoResolutionEntry><VideoResolutionEntry><Index>1</Index><VideoFrameRate><Range>0,1,2,3,4,5,6,7,8,9,10,11,12,13,14,15,16</Range></VideoFrameRate><VideoBitrate><Min>32</Min><Max>16384</Max></VideoBitrate></VideoResolutionEntry><VideoResolutionEntry><Index>2</Index><VideoFrameRate><Range>0,1,2,3,4,5,6,7,8,9,10,11,12,13,14,15,16</Range></VideoFrameRate><VideoBitrate><Min>32</Min><Max>16384</Max></VideoBitrate></VideoResolutionEntry><VideoResolutionEntry><Index>3</Index><VideoFrameRate><Range>0,1,2,3,4,5,6,7,8,9,10,11,12,13,14,15,16</Range></VideoFrameRate><VideoBitrate><Min>32</Min><Max>16384</Max></VideoBitrate></VideoResolutionEntry><VideoResolutionEntry><Index>4</Index><VideoFrameRate><Range>0,1,2,3,4,5,6,7,8,9,10,11,12,13,14,15,16</Range></VideoFrameRate><VideoBitrate><Min>32</Min><Max>16384</Max></VideoBitrate></VideoResolutionEntry><VideoResolutionEntry><Index>6</Index><VideoFrameRate><Range>0,1,2,3,4,5,6,7,8,9,10,11,12,13,14,15,16</Range></VideoFrameRate><VideoBitrate><Min>32</Min><Max>16384</Max></VideoBitrate></VideoResolutionEntry><VideoResolutionEntry><Index>12</Index><VideoFrameRate><Range>0,1,2,3,4,5,6,7,8,9,10,11,12,13,14,15,16</Range></VideoFrameRate><VideoBitrate><Min>32</Min><Max>16384</Max></VideoBitrate></VideoResolutionEntry><VideoResolutionEntry><Index>16</Index><VideoFrameRate><Range>0,1,2,3,4,5,6,7,8,9,10,11,12,13,14,15,16</Range></VideoFrameRate><VideoBitrate><Min>32</Min><Max>16384</Max></VideoBitrate></VideoResolutionEntry><VideoResolutionEntry><Index>17</Index><VideoFrameRate><Range>0,1,2,3,4,5,6,7,8,9,10,11,12,13,14,15,16</Range></VideoFrameRate><VideoBitrate><Min>32</Min><Max>16384</Max></VideoBitrate></VideoResolutionEntry><VideoResolutionEntry><Index>18</Index><VideoFrameRate><Range>0,1,2,3,4,5,6,7,8,9,10,11,12,13,14,15,16</Range></VideoFrameRate><VideoBitrate><Min>32</Min><Max>16384</Max></VideoBitrate></VideoResolutionEntry><VideoResolutionEntry><Index>19</Index><VideoFrameRate><Range>0,1,2,3,4,5,6,7,8,9,10,11,12,13,14,15,16</Range></VideoFrameRate><VideoBitrate><Min>32</Min><Max>16384</Max></VideoBitrate></VideoResolutionEntry><VideoResolutionEntry><Index>20</Index><VideoFrameRate><Range>0,1,2,3,4,5,6,7,8,9,10,11,12,13,14,15,16</Range></VideoFrameRate><VideoBitrate><Min>32</Min><Max>16384</Max></VideoBitrate></VideoResolutionEntry><VideoResolutionEntry><Index>21</Index><VideoFrameRate><Range>0,1,2,3,4,5,6,7,8,9,10,11,12,13,14,15,16</Range></VideoFrameRate><VideoBitrate><Min>32</Min><Max>16384</Max></VideoBitrate></VideoResolutionEntry><VideoResolutionEntry><Index>22</Index><VideoFrameRate><Range>0,1,2,3,4,5,6,7,8,9,10,11,12,13,14,15,16</Range></VideoFrameRate><VideoBitrate><Min>32</Min><Max>16384</Max></VideoBitrate></VideoResolutionEntry><VideoResolutionEntry><Index>27</Index><VideoFrameRate><Range>0,1,2,3,4,5,6,7,8,9,10,11,12,13,14,15,16</Range></VideoFrameRate><VideoBitrate><Min>32</Min><Max>16384</Max></VideoBitrate></VideoResolutionEntry><VideoResolutionEntry><Index>28</Index><VideoFrameRate><Range>0,1,2,3,4,5,6,7,8,9,10,11,12,13,14,15,16</Range></VideoFrameRate><VideoBitrate><Min>32</Min><Max>16384</Max></VideoBitrate></VideoResolutionEntry><VideoResolutionEntry><Index>29</Index><VideoFrameRate><Range>0,1,2,3,4,5,6,7,8,9,10,11,12,13,14,15,16</Range></VideoFrameRate><VideoBitrate><Min>32</Min><Max>16384</Max></VideoBitrate></VideoResolutionEntry><VideoResolutionEntry><Index>30</Index><VideoFrameRate><Range>0,1,2,3,4,5,6,7,8,9,10,11,12,13,14,15,16</Range></VideoFrameRate><VideoBitrate><Min>32</Min><Max>16384</Max></VideoBitrate></VideoResolutionEntry><VideoResolutionEntry><Index>31</Index><VideoFrameRate><Range>0,1,2,3,4,5,6,7,8,9,10,11,12,13,14,15,16</Range></VideoFrameRate><VideoBitrate><Min>32</Min><Max>16384</Max></VideoBitrate></VideoResolutionEntry><VideoResolutionEntry><Index>32</Index><VideoFrameRate><Range>0,1,2,3,4,5,6,7,8,9,10,11,12,13,14,15,16</Range></VideoFrameRate><VideoBitrate><Min>32</Min><Max>16384</Max></VideoBitrate></VideoResolutionEntry><VideoResolutionEntry><Index>33</Index><VideoFrameRate><Range>0,1,2,3,4,5,6,7,8,9,10,11,12,13,14,15,16</Range></VideoFrameRate><VideoBitrate><Min>32</Min><Max>16384</Max></VideoBitrate></VideoResolutionEntry><VideoResolutionEntry><Index>34</Index><VideoFrameRate><Range>0,1,2,3,4,5,6,7,8,9,10,11,12,13,14,15,16</Range></VideoFrameRate><VideoBitrate><Min>32</Min><Max>16384</Max></VideoBitrate></VideoResolutionEntry><VideoResolutionEntry><Index>35</Index><VideoFrameRate><Range>0,1,2,3,4,5,6,7,8,9,10,11,12,13,14,15,16</Range></VideoFrameRate><VideoBitrate><Min>32</Min><Max>16384</Max></VideoBitrate></VideoResolutionEntry><VideoResolutionEntry><Index>36</Index><VideoFrameRate><Range>0,1,2,3,4,5,6,7,8,9,10,11,12,13,14,15,16</Range></VideoFrameRate><VideoBitrate><Min>32</Min><Max>16384</Max></VideoBitrate></VideoResolutionEntry><VideoResolutionEntry><Index>37</Index><VideoFrameRate><Range>0,1,2,3,4,5,6,7,8,9,10,11,12,13,14,15,16</Range></VideoFrameRate><VideoBitrate><Min>32</Min><Max>16384</Max></VideoBitrate></VideoResolutionEntry></VideoResolutionList></SubChannelEntry></SubChannelList></CurrentCompressInfo><SerialAbility version="2.0"><RS232><RS232Num>1</RS232Num><RS232Entry><baudRate opt="50,75,110,150,300,600,1200,2400,4800,9600,19200,38400,57600,76800,115.2k"/><dataBit opt="5,6,7,8"/><stopBit opt="1,2"/><parity opt="none,odd,even"/><flowcontrol opt="none,hard,soft"/><workMode opt="narrowBand,console,transparentChan"/></RS232Entry></RS232><RS485><RS485Num>1</RS485Num><RS485Entry><baudRate opt="50,75,110,150,300,600,1200,2400,4800,9600,19200,38400,57600,76800,115.2k"/><dataBit opt="5,6,7,8"/><stopBit opt="1,2"/><parity opt="none,odd,even"/><flowcontrol opt="none,hard,soft"/><decoderAddress min="0" max="255"/></RS485Entry></RS485></SerialAbility><UserAbility version="2.0"><userNum>16</userNum><userPriority opt="admin,viewer,operator,none"/><userNameLength min="1" max="32"/><userPasswordLength min="1" max="16"/><LocalPermission><permissionType opt="PTZControl,record,playback,parameterConfig,logOrStateCheck,restartOrShutdown,upgrade,backup"/></LocalPermission><RemotePermission><permissionType opt="preview, voiceTalk, alarmOutOrUpload, transParentChannel, contorlLocalOut,PTZControl,record,playback,parameterConfig,logOrStateCheck,restartOrShutdown,upgrade,backup"/></RemotePermission><UserNet><IPV4Address>true</IPV4Address><IPV6Address>true</IPV6Address><MACAddress>true</MACAddress></UserNet><ViewerDefaultPermission><LocalPermission><permissionType opt="PTZControl,record,playback,parameterConfig,logOrStateCheck,restartOrShutdown,upgrade,backup"/></LocalPermission><RemotePermission><permissionType opt="preview, voiceTalk, alarmOutOrUpload, transParentChannel, contorlLocalOut,PTZControl,record,playback,parameterConfig,logOrStateCheck,restartOrShutdown,upgrade,backup"/></RemotePermission></ViewerDefaultPermission><OperatorDefaultPermission><LocalPermission><permissionType opt="PTZControl,record,playback,parameterConfig,logOrStateCheck,restartOrShutdown,upgrade,backup"/></LocalPermission><RemotePermission><permissionType opt="preview, voiceTalk, alarmOutOrUpload, transParentChannel, contorlLocalOut,PTZControl,record,playback,parameterConfig,logOrStateCheck,restartOrShutdown,upgrade,backup"/></RemotePermission></OperatorDefaultPermission></UserAbility><NetAppAbility version="2.0"><NTP><intervalUnit>minute</intervalUnit></NTP><Net><NetworkInterface><networkInterfaceNum>2</networkInterfaceNum><NetworkInterfaceEntry><id>1</id><type opt="10Mbase-T,10MBase-T-full,100MBase-TX,100M-full,10M/100M/1000M-adapt,1000M-full"/><MTU min="500" max="1500"/></NetworkInterfaceEntry><NetworkInterfaceEntry><id>2</id><type opt="10Mbase-T,10MBase-T-full,100MBase-TX,100M-full,10M/100M/1000M-adapt,1000M-full"/><MTU min="500" max="1500"/></NetworkInterfaceEntry></NetworkInterface><multicastIpAddr opt="IPV4,IPV6"/></Net><Email><receiverNum>3</receiverNum><emailTest>true</emailTest></Email><UPNP><NATType opt="manual,auto"/><serverPort><enabled>true</enabled></serverPort><HTTPPort><enabled>true</enabled></HTTPPort><RTSPPort><enabled>true</enabled></RTSPPort><dirLevel opt="rootDir,topDir,subDir"/><topDirMode opt="deviceName,deviceNO,deviceIP,monitor,time"/><subDirMode opt="chanName,chanNO,time,laneNO"/></UPNP></NetAppAbility><VideoPicAbility version="2.0"><channelNO>1</channelNO><OSD><ChannelName><enabled>true</enabled></ChannelName><Week><enabled>true</enabled></Week><OSDType opt="xxxx-xx-xxYMD,xx-xx-xxxxMDY,xxxxYxxMxxD,xxMxxDxxxxY,xx-xx-xxxxDMY,xxDxxMxxxxY"/><OSDAttrib opt="1,2,3,4"/><OSDHourType opt="24Hour,12Hour"/></OSD><MotionDetection><regionType opt="grid"/><Grid><VideoFormatP><rowGranularity>18</rowGranularity><columnGranularity>22</columnGranularity></VideoFormatP><VideoFormatN><rowGranularity>15</rowGranularity><columnGranularity>22</columnGranularity></VideoFormatN></Grid><sensitivityLevel min="0" max="5"/><alarmTime>4</alarmTime><alarmHandleType opt="monitor,audio,center,alarmout,picture"/></MotionDetection><VILostDetection><alarmTime>4</alarmTime><alarmHandleType opt="monitor,audio,center,alarmout,picture"/></VILostDetection><HideDetection><HideAreaNum>1</HideAreaNum><HideArea><id>1</id><PAL><AreaX min="0" max="704"/><AreaY min="0" max="567"/></PAL><NTSC><AreaX min="0" max="704"/><AreaY min="0" max="480"/></NTSC></HideArea><sensitivity opt="none,low,middle,high"/><alarmTime>4</alarmTime><alarmHandleType opt="monitor,audio,center,alarmout,picture"/></HideDetection><PrivacyMask><PrivacyMaskAreaNum>1</PrivacyMaskAreaNum><PrivacyMaskArea><id>1</id><PAL><AreaX min="0" max="704"/><AreaY min="0" max="567"/></PAL><NTSC><AreaX min="0" max="704"/><AreaY min="0" max="480"/></NTSC></PrivacyMaskArea></PrivacyMask></VideoPicAbility></DecviceAbility>
