<?xml version="1.0" encoding="UTF-8"?>
<DecviceAbility version="2.0"><BasicCapability version="2.0"><HardwareCapability><HardwareVersion>0x10000</HardwareVersion><AlarmInPortNum>4</AlarmInPortNum><AlarmOutPortNum>3</AlarmOutPortNum><RS232Num>1</RS232Num><RS485Num>1</RS485Num><NetworkPortNum>1</NetworkPortNum><FlashSize>16</FlashSize><RamSize>256</RamSize><SDNum>1</SDNum><AudioInNum>1</AudioInNum><VideoOutNum>1</VideoOutNum><AudioOutNum>1</AudioOutNum><SDSupport>1</SDSupport><CVBSNumber>1</CVBSNumber></HardwareCapability><SoftwareCapability><ShowStringNumber>4</ShowStringNumber><NtpSupport>1</NtpSupport><UPNPSupport>1</UPNPSupport><SADPVersion>0</SADPVersion><MaxLoginNum>24</MaxLoginNum><MaxPreviewNum>6</MaxPreviewNum><MaxPlayBackNum>18</MaxPlayBackNum><MaxChanLinkNum>6</MaxChanLinkNum><RS232Config>1</RS232Config><PPPoEConfig>1</PPPoEConfig><RedundancyRecord>1</RedundancyRecord><UploadFTP>1</UploadFTP><NotSupportDiskQuota>1</NotSupportDiskQuota><SingleStorageMaxCap>16</SingleStorageMaxCap><NeedReboot><ImportConfigurationFileReboot>1</ImportConfigurationFileReboot><RS232workModeChange>1</RS232workModeChange><NetPortChange>1</NetPortChange><DhcpEnableChange>1</DhcpEnableChange><HttpPortChange>1</HttpPortChange><PPPoEChange>1</PPPoEChange><NetMultiCastIPChange>1</NetMultiCastIPChange><StandardTypeChange>1</StandardTypeChange></NeedReboot></SoftwareCapability></BasicCapability><CAMERAPARA version="2.0"><ChannelList><ChannelEntry><ChannelNumber>1</ChannelNumber><PowerLineFrequencyMode><Range>0,1</Range><Default>0</Default></PowerLineFrequencyMode><WhiteBalance><WhiteBalanceMode><Range>1,2,3</Range><Default>1</Default></WhiteBalanceMode><WhiteBalanceModeRGain><Min>0</Min><Max>255</Max><Default>100</Default></WhiteBalanceModeRGain><WhiteBalanceModeBGain><Min>0</Min><Max>255</Max><Default>100</Default></WhiteBalanceModeBGain></WhiteBalance><Exposure><ExposureMode><Range>0,1</Range><Default>0</Default></ExposureMode><ExposureSet><Range>4,5,6,7,8,9,10,11,12,13,14</Range></ExposureSet><exposureUSERSET><Min>0</Min><Max>80000</Max><Default>40000</Default></exposureUSERSET><ExposureTarget><Min>0</Min><Max>60000</Max><Default>1000</Default></ExposureTarget></Exposure><IrisMode><Range>1</Range><Default>1</Default></IrisMode><AutoApertureLevel><Min>0</Min><Max>15</Max><Default>7</Default></AutoApertureLevel><GainLevel><Min>0</Min><Max>100</Max><Default>100</Default></GainLevel><BrightnessLevel><Min>0</Min><Max>100</Max><Default>60</Default></BrightnessLevel><ContrastLevel><Min>0</Min><Max>100</Max><Default>40</Default></ContrastLevel><SharpnessLevel><Min>0</Min><Max>100</Max><Default>50</Default></SharpnessLevel><SaturationLevel><Min>0</Min><Max>100</Max><Default>50</Default></SaturationLevel><HueLevel><Min>0</Min><Max>100</Max><Default>50</Default></HueLevel><GammaCorrection><GammaCorrectionEnabled><Range>0,1</Range><Default>0</Default></GammaCorrectionEnabled><GammaCorrectionLevel><Min>0</Min><Max>100</Max><Default>50</Default></GammaCorrectionLevel></GammaCorrection><LOCALOUTPUT><Range>0,1,20,21,22,23,24,25,26,27,28</Range></LOCALOUTPUT><DeadPixelDetect><Range>1</Range></DeadPixelDetect></ChannelEntry></ChannelList></CAMERAPARA><AudioVideoCompressInfo version="2.0"><VideoCompressInfo><ChannelList><ChannelEntry><ChannelNumber>1</ChannelNumber><MainChannel><VideoEncodeType><Range>1</Range></VideoEncodeType><VideoResolutionList><VideoResolutionEntry><Index>28</Index><Name>2560*1920</Name><Resolution>2560*1920</Resolution><VideoFrameRate>0,1,2,3,4,5,6,7,8,9,10,11,12,13,14,15,16</VideoFrameRate><VideoBitrate><Min>32</Min><Max>16384</Max></VideoBitrate></VideoResolutionEntry></VideoResolutionList><IntervalBPFrame><Range>0,1,2</Range></IntervalBPFrame></MainChannel></ChannelEntry></ChannelList></VideoCompressInfo></AudioVideoCompressInfo><SerialAbility version="2.0"><RS232><RS232Num>1</RS232Num><RS232Entry><baudRate opt="50,75,110,150,300,600,1200,2400,4800,9600,19200,38400,57600,76800,115.2k"/><dataBit opt="5,6,7,8"/><stopBit opt="1,2"/><parity opt="none,odd,even"/><flowcontrol opt="none,hard,soft"/><workMode opt="narrowBand,console,transparentChan"/></RS232Entry></RS232><RS485><RS485Num>1</RS485Num><RS485Entry><baudRate opt="50,75,110,150,300,600,1200,2400,4800,9600,19200,38400,57600,76800,115.2k"/><dataBit opt="5,6,7,8"/><stopBit opt="1,2"/><parity opt="none,odd,even"/><flowcontrol opt="none,hard,soft"/><decoderAddress min="0" max="255"/></RS485Entry></RS485></SerialAbility><NetAppAbility version="2.0"><NTP><intervalUnit>minute</intervalUnit></NTP><Net><NetworkInterface><networkInterfaceNum>1</networkInterfaceNum><NetworkInterfaceEntry><id>1</id><type opt="10Mbase-T,10MBase-T-full,100MBase-TX,100M-full,10M/100M/1000M-adapt,1000M-full"/><MTU min="500" max="1500"/></NetworkInterfaceEntry></NetworkInterface><multicastIpAddr opt="IPV4,IPV6"/></Net><Email><receiverNum>3</receiverNum><emailTest>true</emailTest><dirLevel opt="rootDir,topDir,subDir"/><topDirMode opt="deviceName,deviceNO,deviceIP,monitor,time"/><subDirMode opt="chanName,chanNO,time,laneNO"/></Email></NetAppAbility><VideoPicAbility version="2.0"><channelNO>1</channelNO><OSD><ChannelName><enabled>true</enabled></ChannelName><Week><enabled>true</enabled></Week><OSDType opt="xxxx-xx-xxYMD,xx-xx-xxxxMDY,xxxxYxxMxxD,xxMxxDxxxxY,xx-xx-xxxxDMY,xxDxxMxxxxY"/><OSDAttrib opt="1,2,3,4"/><OSDHourType opt="24Hour,12Hour"/></OSD></VideoPicAbility></DecviceAbility>
