<?xml version="1.0" encoding="UTF-8"?>
<!--Version:1.0.0.6;Date20121109-->
<!--2012121214:add 8116HFI_S_v32.xml/7316HI_S_v3_2_5.xml/7300HI_ST_16_v2_0_4.xml-->
<!--20121109:add IPC_WIFI_v403_121010.xml/IPC_v403_121010.xml-->
<!--20121024:add 7204HVI_S_v22.xml/7204HVI_ST_v132.xml/7204HVI_STSN_v132.xml/8116HS_S_v10.xml/8104HFI_S_v31.xml-->
<!--20121018:add default branch-->
<!--20120918:mod IPD-->
<!--20120912:mod 65DVS;8108_16HF_S_XX-->
<!--20120828:mod BasicCapability-->
<!--20120820:add videopic ability-->
	<DeviceList>
		<DeviceType opt = "190">
		<!--DS81XXHX_ST-->
			<SoftwareVersion opt = "v20">
				<BuildDate opt="120810">
					<!--update20120810:OEM[meifen] v2.0.3build120810-->
					<SerialNumber opt = "DS-8104HDI-ST">
					  <File>8104HDI_ST_V203_120810.xml</File>
					</SerialNumber>
					<SerialNumber opt = "DS-8108HDI-ST">
					  <File>8108HDI_ST_V203_120810.xml</File>
					</SerialNumber>
					<SerialNumber opt = "DS-8116HDI-ST">
					  <File>8116HDI_ST_V203_120810.xml</File>
					</SerialNumber>
				</BuildDate>
				<File>DVR_DEFAULT.xml</File>
			</SoftwareVersion>
			<File>DVR_DEFAULT.xml</File>
		</DeviceType>
	
		<DeviceType opt = "191">
		<!--DS73XXHX_ST-->
			<SoftwareVersion opt = "v20">
				<BuildDate opt="120810">
					<!--update20120810:OEM[meifen] v2.0.3build120810-->
					<SerialNumber opt = "DS-7304HFI-ST">
					  <File>7304HFI_ST_V203_120810.xml</File>
					</SerialNumber>
					<SerialNumber opt = "DS-7308HFI-ST">
					  <File>7308HFI_ST_V203_120810.xml</File>
					</SerialNumber>
					<SerialNumber opt = "DS-7316HFI-ST">
					  <File>7316HFI_ST_V203_120810.xml</File>
					</SerialNumber>
					<SerialNumber opt = "DS-7304HI-ST">
					  <File>7304HI_ST_V203_120810.xml</File>
					</SerialNumber>
					<SerialNumber opt = "DS-7308HI-ST">
					  <File>7308HI_ST_V203_120810.xml</File>
					</SerialNumber>
					<SerialNumber opt = "DS-7316HI-ST">
					  <File>7316HI_ST_V203_120810.xml</File>
					</SerialNumber>
				</BuildDate>
				<File>7300HI_ST_16_v2_0_4.xml</File>
			</SoftwareVersion>
			<File>DVR_DEFAULT.xml</File>
		</DeviceType>
		
		<DeviceType opt = "2204">
		<!--DS_96XX_N_XT-->
			<SoftwareVersion opt = "v22">
				<File>96_XT_V22.xml</File>
			</SoftwareVersion>
			<File>DVR_DEFAULT.xml</File>
		</DeviceType>
		
		<DeviceType opt = "2203">
		<!--DS_85XX_N_ST-->
			<SoftwareVersion opt = "v22">
				<File>85N_ST_V22.xml</File>
			</SoftwareVersion>
			<File>DVR_DEFAULT.xml</File>
		</DeviceType>
		
		<DeviceType opt = "2202">
		<!--DS_95XX_N_ST-->
			<SoftwareVersion opt = "v22">
				<File>95N_ST_V22.xml</File>
			</SoftwareVersion>
			<File>DVR_DEFAULT.xml</File>
		</DeviceType>
		
		<DeviceType opt = "2005">
		<!--DS_90XX_HF_XT-->
			<SoftwareVersion opt = "v22">
				<File>90_XT_V22.xml</File>
			</SoftwareVersion>
			<File>DVR_DEFAULT.xml</File>
		</DeviceType>
		
		<DeviceType opt = "2004">
		<!--DS_91XX_HF_XT-->
			<SoftwareVersion opt = "v22">
				<File>91_XT_V22.xml</File>
			</SoftwareVersion>
			<File>DVR_DEFAULT.xml</File>
		</DeviceType>
		
		<DeviceType opt = "2002">
		<!--DS_72XX_HF_SH DS_78XXHF_SH-->
			<SoftwareVersion opt = "v22">
				<File>7208_16HF_SH_v22.xml</File>
			</SoftwareVersion>
			<File>DVR_DEFAULT.xml</File>
		</DeviceType>
		
		<DeviceType opt = "197">
		<!--DS90xxHF-ST-->
			<SoftwareVersion opt = "v21,v20">
				<BuildDate opt="120329">
					<!--update20120809:[add]90ST_v211_120329.xml;OEM[meifen] v2.1.1build120329-->
				  <File>90ST_v211_120329.xml</File>
				</BuildDate>
				<BuildDate opt="120822">
					<!--update20120809:[add]90ST_v213_120808.xml;OEM[meifen] v2.1.3build120808-->
					<!--update20120822:[add]90ST_v213_120822.xml;OEM[meifen] v2.1.3build120822-->
				  <File>90ST_v213_120822.xml</File>
				</BuildDate>
				<File>90_91ST_v21_v20.xml</File>
			</SoftwareVersion>
			<SoftwareVersion opt = "v22">
				<File>90_91ST_v22.xml</File>
			</SoftwareVersion>
			<File>DVR_DEFAULT.xml</File>
		</DeviceType>
		
		<DeviceType opt = "199">
		<!--update20120809:[add]NVR_DEFAULT.xml-->
			<File>NVR_DEFAULT.xml</File>
		</DeviceType>
		
		<DeviceType opt = "2301">
		<!--update20120809:[add]NVR_DEFAULT.xml-->
			<File>NVR_DEFAULT.xml</File>
		</DeviceType>
		
		<DeviceType opt = "188">
		<!--DS91xxHF-ST-->
			<SoftwareVersion opt = "v21,v20">
				<BuildDate opt="120329">
					<!--update20120809:[add]91ST_v211_120329.xml;OEM[meifen] v2.1.1build120329-->
				  <File>91ST_v211_120329.xml</File>
				</BuildDate>
				<BuildDate opt="120822">
					<!--update20120822:[add]91ST_v213_120822.xml;OEM[meifen] v2.1.3build120822-->
					<!--update20120822:[add]91ST_v213_120822.xml;OEM[meifen] v2.1.3build120822-->
				  <File>91ST_v213_120822.xml</File>
				</BuildDate>
				<File>90_91ST_v21_v20.xml</File>
			</SoftwareVersion>
			<SoftwareVersion opt = "v22">
				<File>90_91ST_v22.xml</File>
			</SoftwareVersion>
			<File>DVR_DEFAULT.xml</File>
		</DeviceType>
		
		<DeviceType opt = "90,91">
		<!--DS90xxHF-S/DS91xxHF-S-->
			<SoftwareVersion opt = "v13,v12">
				<File>90_91HF_S_v13_v12.xml</File>
			</SoftwareVersion>
			<SoftwareVersion opt = "v11">
				<File>90_91HF_S_v11.xml</File>
			</SoftwareVersion>
			<SoftwareVersion opt = "v10">
				<File>90_91HF_S_v10.xml</File>
			</SoftwareVersion>
			<File>DVR_DEFAULT.xml</File>
		</DeviceType>
		
		<DeviceType opt = "97,98">
		<!--DS90xxHF-SH/DS91xxHF-SH-->
			<SoftwareVersion opt = "v13,v12">
				<File>90_91HF_SH_v13_v12.xml</File>
			</SoftwareVersion>
			<File>DVR_DEFAULT.xml</File>
		</DeviceType>
		
		<DeviceType opt = "189">
		<!--DS81xxHF-ST/-->
			<SoftwareVersion opt = "v21,v20">
				<BuildDate opt="120329">
					<!--update20120809:[add]81ST_v211_120329.xml;OEM[meifen] v2.1.1build120329-->
				  <File>81ST_v211_120329.xml</File>
				</BuildDate>
				<BuildDate opt="120822">
					<!--update20120809:[add]81ST_v213_120808.xml;OEM[meifen] v2.1.1build120808-->
					<!--update20120822:[add]81ST_v213_120822.xml;OEM[meifen] v2.1.1build120822-->
				  <File>81ST_v213_120822.xml</File>
				</BuildDate>
				<File>81ST_v21_v20.xml</File>
			</SoftwareVersion>
			<SoftwareVersion opt = "v22">
				<File>81ST_v22.xml</File>
			</SoftwareVersion>
			<File>DVR_DEFAULT.xml</File>
		</DeviceType>
		
		<DeviceType opt = "81,82">
		<!--DS81xxHS-S/DS81xxHL-S-->
			<SoftwareVersion opt = "v32">
				<SerialNumber opt = "DS-8116HS-S">
				<!--DS8116HS-S/DS8116HL-S-->
					<File>8116HS_HL_S_v32.xml</File>
				</SerialNumber>
				<SerialNumber opt = "DS-8104HS-S,DS-8108HS-S">
				<!--DS8104HS-S/DS8104HL-S/DS8108HS-S/DS8108HL-S-->
					<File>8104_08HS_HL_S_v32.xml</File>
				</SerialNumber>
				<File>DVR_DEFAULT.xml</File>
			</SoftwareVersion>
			<SoftwareVersion opt = "v31">
				<SerialNumber opt = "DS-8116HS-S">
				<!--DS8116HS-S/DS8116HL-S-->
					<File>8116HS_HL_S_v31.xml</File>
				</SerialNumber>
				<SerialNumber opt = "DS-8104HS-S,DS-8108HS-S">
				<!--DS8104HS-S/DS8104HL-S/DS8108HS-S/DS8108HL-S-->
					<File>8104_08HS_HL_S_v31.xml</File>
				</SerialNumber>
				<File>DVR_DEFAULT.xml</File>
			</SoftwareVersion>
			<SoftwareVersion opt = "v30">
				<SerialNumber opt = "DS-8116HS-S">
				<!--DS8116HS-S/DS8116HL-S-->
					<File>8116HS_HL_S_v30.xml</File>
				</SerialNumber>
				<SerialNumber opt = "DS-8104HS-S,DS-8108HS-S">
				<!--DS8104HS-S/DS8104HL-S/DS8108HS-S/DS8108HL-S-->
					<File>8104_08HS_HL_S_v30.xml</File>
				</SerialNumber>
				<File>DVR_DEFAULT.xml</File>
			</SoftwareVersion>
			<SoftwareVersion opt = "v10">
				<SerialNumber opt = "DS-8116HS-S">
				<!--Add 20121023:v1.0-->
					<File>8116HS_S_v10.xml</File>
				</SerialNumber>
				<File>DVR_DEFAULT.xml</File>
			</SoftwareVersion>
			<File>DVR_DEFAULT.xml</File>
		</DeviceType>
		
		<DeviceType opt = "83">
		<!--DS81xxHC-S-->
			<SoftwareVersion opt = "v32">
				<SerialNumber opt = "DS-8116HC-S">
				<!--DS8116HC-S-->
					<File>8116HC_S_v32.xml</File>
				</SerialNumber>
				<SerialNumber opt = "DS-8104HC-S,DS-8108HC-S">
				<!--DS8104HC-S/DS8108HC-S-->
					<File>8104_08HC_S_v32.xml</File>
				</SerialNumber>
				<File>DVR_DEFAULT.xml</File>
			</SoftwareVersion>
			<SoftwareVersion opt = "v31">
				<SerialNumber opt = "DS-8116HC-S">
				<!--DS8116HC-S-->
					<File>8116HC_S_v31.xml</File>
				</SerialNumber>
				<SerialNumber opt = "DS-8104HC-S,DS-8108HC-S">
				<!--DS8104HC-S/DS8108HC-S-->
					<File>8104_08HC_S_v31.xml</File>
				</SerialNumber>
				<File>DVR_DEFAULT.xml</File>
			</SoftwareVersion>
			<SoftwareVersion opt = "v30">
				<SerialNumber opt = "DS-8116HS-S">
				<!--DS8116HC-S-->
					<File>8116HC_S_v30.xml</File>
				</SerialNumber>
				<SerialNumber opt = "DS-8104HC-S,DS-8108HC-S">
				<!--DS8104HC-S/DS8108HC-S-->
					<File>8104_08HC_S_v30.xml</File>
				</SerialNumber>
				<File>DVR_DEFAULT.xml</File>
			</SoftwareVersion>
			<File>DVR_DEFAULT.xml</File>
		</DeviceType>
		
		<DeviceType opt = "85">
		<!--DS8104HE-S/DS8108HE-S/DS8116HE-S-->
			<SoftwareVersion opt = "v32">
				<File>8104_08_16HE_S_v32.xml</File>
			</SoftwareVersion>
			<SoftwareVersion opt = "v31">
				<File>8104_08_16HE_S_v31.xml</File>
			</SoftwareVersion>
			<SoftwareVersion opt = "v30">
				<File>8104_08_16HE_S_v30.xml</File>
			</SoftwareVersion>
			<File>DVR_DEFAULT.xml</File>
		</DeviceType>
		
		<DeviceType opt = "86">
		<!--DS81xxHF-S-->
			<SoftwareVersion opt = "v32">
				<SerialNumber opt = "DS-8104HF-S">
				<!--DS8104HF-S-->
					<File>8104HF_S_v32.xml</File>
				</SerialNumber>
				<SerialNumber opt = "DS-8108HF-S,DS-8116HF-S">
				<!--DS8108HF-S/DS8116HF-S-->
					<File>8108_16HF_S_v32.xml</File>
				</SerialNumber>
				<SerialNumber opt = "DS-8116HFI-S">
				<!--DS-8116HFI-S-->
					<File>8116HFI_S_v32.xml</File>
				</SerialNumber>
				<File>DVR_DEFAULT.xml</File>
			</SoftwareVersion>
			<SoftwareVersion opt = "v31">
				<SerialNumber opt = "DS-8104HFI-S">
				<!--Add 20121023:v3.1.0 build101227-->
					<File>8104HFI_S_v31.xml</File>
				</SerialNumber>
				<SerialNumber opt = "DS-8104HF-S">
				<!--DS8104HF-S-->
					<File>8104HF_S_v31.xml</File>
				</SerialNumber>
				<SerialNumber opt = "DS-8108HF-S,DS-8116HF-S">
				<!--DS8104HF-S/DS8108HF-S-->
					<File>8104_08HC_S_v31.xml</File>
				</SerialNumber>
				<File>DVR_DEFAULT.xml</File>
			</SoftwareVersion>
			<SoftwareVersion opt = "v30">
				<SerialNumber opt = "DS-8104HF-S">
				<!--DS8104HF-S-->
					<File>8104HF_S_v30.xml</File>
				</SerialNumber>
				<SerialNumber opt = "DS-8108HF-S,DS-8116HF-S">
				<!--DS8104HF-S/DS8108HF-S-->
					<File>8104_08HC_S_v30.xml</File>
				</SerialNumber>
				<File>DVR_DEFAULT.xml</File>
			</SoftwareVersion>
			<File>DVR_DEFAULT.xml</File>
		</DeviceType>
		
		<DeviceType opt = "87">
		<!--DS81xxAH-S-->
			<SoftwareVersion opt = "v32">
				<SerialNumber opt = "DS-8104AH-S,DS-8104AHL-S">
				<!--DS8104AH-S-->
					<File>8104AH(L)_S_v32.xml</File>
				</SerialNumber>
				<File>DVR_DEFAULT.xml</File>
			</SoftwareVersion>
			<SoftwareVersion opt = "v31">
				<SerialNumber opt = "DS-8104AH-S,DS-8104AHL-S">
				<!--DS8104AH-S-->
					<File>8104AH(L)_S_v31.xml</File>
				</SerialNumber>
				<File>DVR_DEFAULT.xml</File>
			</SoftwareVersion>
			<SoftwareVersion opt = "v30">
				<SerialNumber opt = "DS-8104AH-S,DS-8104AHL-S">
				<!--DS8104AH-S-->
					<File>8104AH(L)_S_v30.xml</File>
				</SerialNumber>
				<File>DVR_DEFAULT.xml</File>
			</SoftwareVersion>
			<File>DVR_DEFAULT.xml</File>
		</DeviceType>
		
		<DeviceType opt = "88">
		<!--DS8104AHF-S/DS-8104AHFL-S-->
			<SoftwareVersion opt = "v32">
				<SerialNumber opt = "DS-8104AHFL-S,DS-8104AHF-S">
				<!--DS8104AHF-S-->
					<File>8104AHF(L)_S_v32.xml</File>
				</SerialNumber>
				<File>DVR_DEFAULT.xml</File>
			</SoftwareVersion>
			<SoftwareVersion opt = "v31">
				<SerialNumber opt = "DS-8104AHF-S,DS-8104AHFL-S">
				<!--DS8104AHF-S-->
					<File>8104AHF(L)_S_v31.xml</File>
				</SerialNumber>
				<File>DVR_DEFAULT.xml</File>
			</SoftwareVersion>
			<SoftwareVersion opt = "v30">
				<SerialNumber opt = "DS-8104AHF-S,DS-8104AHFL-S">
				<!--DS8104AHF-S-->
					<File>8104AHF(L)_S_v30.xml</File>
				</SerialNumber>
				<File>DVR_DEFAULT.xml</File>
			</SoftwareVersion>
			<File>DVR_DEFAULT.xml</File>
		</DeviceType>
		
		<DeviceType opt = "71">
		<!--DS71xxH-S-->
			<SoftwareVersion opt = "v32">
				<SerialNumber opt = "DS-7116H-S">
				<!--DS7116H-S-->
					<File>7116H_S_v32.xml</File>
				</SerialNumber>
				<SerialNumber opt = "DS-7104H-S,DS-7108H-S">
				<!--DS7104H-S/DS7108H-S-->
					<File>7104_08H_S_v32.xml</File>
				</SerialNumber>
				<File>DVR_DEFAULT.xml</File>
			</SoftwareVersion>
			<SoftwareVersion opt = "v31">
				<SerialNumber opt = "DS-7116H-S">
				<!--DS7116H-S-->
					<File>7116H_S_v31.xml</File>
				</SerialNumber>
				<SerialNumber opt = "DS-7104H-S,DS-7108H-S">
				<!--DS7104H-S/DS7108H-S-->
					<File>7104_08H_S_v31.xml</File>
				</SerialNumber>
				<File>DVR_DEFAULT.xml</File>
			</SoftwareVersion>
			<SoftwareVersion opt = "v30">
				<SerialNumber opt = "DS-7116H-S">
				<!--DS7116H-S-->
					<File>7116H_S_v30.xml</File>
				</SerialNumber>
				<SerialNumber opt = "DS-7104H-S,DS-7108H-S">
				<!--DS7104H-S/DS7108H-S-->
					<File>7104_08H_S_v30.xml</File>
				</SerialNumber>
				<File>DVR_DEFAULT.xml</File>
			</SoftwareVersion>
			<File>DVR_DEFAULT.xml</File>
		</DeviceType>
		
		<DeviceType opt = "72">
		<!--DS72xxHV-S-->
			<SoftwareVersion opt = "v32">
				<SerialNumber opt = "DS-7216HV-S">
				<!--DS7216HV-S-->
					<File>7216HV_S_v32.xml</File>
				</SerialNumber>
				<SerialNumber opt = "DS-7208HV-S">
				<!--DS7208HV-S-->
					<File>7108HV_S_v32.xml</File>
				</SerialNumber>
				<File>DVR_DEFAULT.xml</File>
			</SoftwareVersion>
			<SoftwareVersion opt = "v31">
				<SerialNumber opt = "DS-7216HV-S">
				<!--DS7216HV-S-->
					<File>7216HV_S_v31.xml</File>
				</SerialNumber>
				<SerialNumber opt = "DS-7208HV-S">
				<!--DS7208HV-S-->
					<File>7108HV_S_v32.xml</File>
				</SerialNumber>
				<File>DVR_DEFAULT.xml</File>
			</SoftwareVersion>
			<SoftwareVersion opt = "v30">
				<SerialNumber opt = "DS-7216HV-S">
				<!--DS7216HV-S-->
					<File>7216HV_S_v30.xml</File>
				</SerialNumber>
				<SerialNumber opt = "DS-7208HV-S">
				<!--DS7208HV-S-->
					<File>7108HV_S_v32.xml</File>
				</SerialNumber>
				<File>DVR_DEFAULT.xml</File>
			</SoftwareVersion>
			<SoftwareVersion opt = "v22">
				<SerialNumber opt = "DS-7204HVI-S">
				<!--Add 20121024:V2.2 build 091202-->
					<File>7204HVI_S_v22.xml</File>
				</SerialNumber>
				<File>DVR_DEFAULT.xml</File>
			</SoftwareVersion>
			<File>DVR_DEFAULT.xml</File>
		</DeviceType>
		
		<DeviceType opt = "74">
		<!--DS72xxH-S-->
			<SoftwareVersion opt = "v32">
				<SerialNumber opt = "DS-7216HF-S">
				<!--DS7216HF-S-->
					<File>7216HF_S_v32.xml</File>
				</SerialNumber>
				<SerialNumber opt = "DS-7208HF-S">
				<!--DS7208HF-S-->
					<File>7208HF_S_v32.xml</File>
				</SerialNumber>
				<SerialNumber opt = "DS-7204HF-S">
				<!--DS7204HF-S-->
					<File>7204HF_S_v32.xml</File>
				</SerialNumber>
				<File>DVR_DEFAULT.xml</File>
			</SoftwareVersion>
			<SoftwareVersion opt = "v31">
				<SerialNumber opt = "DS-7216HF-S">
				<!--DS7216HF-S-->
					<File>7216HF_S_v31.xml</File>
				</SerialNumber>
				<SerialNumber opt = "DS-7208HF-S">
				<!--DS7208HF-S-->
					<File>7208HF_S_v31.xml</File>
				</SerialNumber>
				<SerialNumber opt = "DS-7204HF-S">
				<!--DS7204HF-S-->
					<File>7204HF_S_v31.xml</File>
				</SerialNumber>
			</SoftwareVersion>
			<File>DVR_DEFAULT.xml</File>
		</DeviceType>
		
		<DeviceType opt = "76">
		<!--DS7604H-S-->
			<SoftwareVersion opt = "v12">
				<File>7604H_S_v12.xml</File>
			</SoftwareVersion>
			<SoftwareVersion opt = "v11">
				<File>7604H_S_v11.xml</File>
			</SoftwareVersion>
			<SoftwareVersion opt = "v10">
				<File>7604H_S_v10.xml</File>
			</SoftwareVersion>
			<File>DVR_DEFAULT.xml</File>
		</DeviceType>
		
		<DeviceType opt = "77">
		<!--DS7604N-S-->
			<SoftwareVersion opt = "v12">
				<File>7604N_S_v12.xml</File>
			</SoftwareVersion>
			<SoftwareVersion opt = "v11">
				<File>7604N_S_v11.xml</File>
			</SoftwareVersion>
			<SoftwareVersion opt = "v10">
				<File>7604N_S_v10.xml</File>
			</SoftwareVersion>
			<File>DVR_DEFAULT.xml</File>
		</DeviceType>
		
		<DeviceType opt = "196">
		<!--DS80xxHF-ST-->
			<SoftwareVersion opt = "v21,v20">
				<BuildDate opt="120329">
					<!--update20120809:[add]80ST_v211_120329.xml;OEM[meifen] v2.1.1build120329-->
				  <File>80ST_v211_120329.xml</File>
				</BuildDate>
				<BuildDate opt="120808">
					<!--update20120809:[add]80ST_v213_120808.xml;OEM[meifen] v2.1.1build120808-->
				  <File>80ST_v213_120808.xml</File>
				</BuildDate>
				<File>80ST_v21_v20.xml</File>
			</SoftwareVersion>
			<SoftwareVersion opt = "v22">
				<File>80_ST_V22.xml</File>
			</SoftwareVersion>
			<File>DVR_DEFAULT.xml</File>
		</DeviceType>
		
		<DeviceType opt = "6,8">
		<!--DS80xxHF-->
			<SoftwareVersion opt = "v20,v21">
				<File>80HF_v21.xml</File>
			</SoftwareVersion>
			<File>DVR_DEFAULT.xml</File>
		</DeviceType>
		
		<DeviceType opt = "16,25">
		<!--DS80xxHF-S-->
			<SoftwareVersion opt = "v20,v21">
				<File>80HF_S_v21.xml</File>
			</SoftwareVersion>
			<File>DVR_DEFAULT.xml</File>
		</DeviceType>
		
		<DeviceType opt = "14,19,24">
		<!--DS80xxHC-S-->
			<SoftwareVersion opt = "v20,v21">
				<File>80HC_S_v21.xml</File>
			</SoftwareVersion>
			<File>DVR_DEFAULT.xml</File>
		</DeviceType>
		
		<DeviceType opt = "24">
		<!--DS80xxHC-SL-->
			<SoftwareVersion opt = "v21">
				<File>80HC_SL_v21.xml</File>
			</SoftwareVersion>
			<File>DVR_DEFAULT.xml</File>
		</DeviceType>
		
		<DeviceType opt = "9,17">
		<!--DS80xxHS-S-->
			<SoftwareVersion opt = "v20,v21">
				<File>80HS_S_v21.xml</File>
			</SoftwareVersion>
			<File>DVR_DEFAULT.xml</File>
		</DeviceType>
		
		<DeviceType opt = "22,23">
		<!--DS80xxHE-S/DS80xxHD-S-->
			<SoftwareVersion opt = "v20,v21">
				<File>80HE_S_v21.xml</File>
			</SoftwareVersion>
			<File>DVR_DEFAULT.xml</File>
		</DeviceType>
		
		<DeviceType opt = "7,15">
		<!--DS80xxHT-S-->
			<SoftwareVersion opt = "v21,v20">
				<File>80HT_S_v21.xml</File>
			</SoftwareVersion>
			<File>DVR_DEFAULT.xml</File>
		</DeviceType>
		
		<DeviceType opt = "198">
		<!--DS76xxN_ST-->
			<SoftwareVersion opt = "v21">
				<File>76N_ST_v21.xml</File>
			</SoftwareVersion>
			<SoftwareVersion opt = "v22">
				<File>76N_ST_v22.xml</File>
			</SoftwareVersion>
			<SoftwareVersion opt = "v22">
				<File>76_SP_V22.xml</File>
			</SoftwareVersion>
			<File>DVR_DEFAULT.xml</File>
		</DeviceType>
		
		<DeviceType opt = "195">
		<!--DS86xxN_ST-->
			<SoftwareVersion opt = "v21">
				<BuildDate opt="120329">
					<!--update20120813:[add]86ST_v213_120808.xml;OEM[meifen] v2.1.3build120808-->
				  <File>86ST_v213_120808.xml</File>
				</BuildDate>
				<File>86N_ST_v21.xml</File>
			</SoftwareVersion>
			<SoftwareVersion opt = "v22">
				<File>86N_ST_v22.xml</File>
			</SoftwareVersion>
			<File>DVR_DEFAULT.xml</File>
		</DeviceType>
		
		<DeviceType opt = "194">
		<!--DS96xxN_ST-->
			<SoftwareVersion opt = "v21">
				<BuildDate opt="120329">
					<!--update20120813:[add]96ST_v213_120808.xml;OEM[meifen] v2.1.3build120808-->
				  <File>96ST_v213_120808.xml</File>
				</BuildDate>
				<File>96N_ST_v21.xml</File>
			</SoftwareVersion>
			<SoftwareVersion opt = "v22">
				<File>96N_ST_V22.xml</File>
			</SoftwareVersion>
			<File>DVR_DEFAULT.xml</File>
		</DeviceType>
		
		<DeviceType opt = "95">
		  <!--DS95xxN_S-->
		  <SoftwareVersion opt = "v12,v13">
			  <SerialNumber opt = "DS-9504N-S,DS-9508N-S,DS-9516N-S">
				  <File>95N_S.xml</File>
			  </SerialNumber>
			<!--DS95xxN_R-->
			  <SerialNumber opt = "DS-9504N-R,DS-9508N-R,DS-9516N-R">
				  <File>95N_R.xml</File>
			  </SerialNumber>
			  <File>DVR_DEFAULT.xml</File>
			</SoftwareVersion>
			<File>DVR_DEFAULT.xml</File>
		</DeviceType>
		
		<DeviceType opt = "96">
		  <!--DS9HxxN_SH-->
		  <SoftwareVersion opt = "v12,v13">
			  <SerialNumber opt = "DS-9604N-SH,DS-9608N-SH,DS-9616N-SH">
				  <File>96N_SH.xml</File>
			  </SerialNumber>
			<!--DS9HxxN_RH-->
			  <SerialNumber opt = "DS-9604N-RH,DS-9608N-RH,DS-9616N-RH">
				  <File>96N_RH.xml</File>
			  </SerialNumber>
			  <File>DVR_DEFAULT.xml</File>
			</SoftwareVersion>
			<File>DVR_DEFAULT.xml</File>
		</DeviceType>
		
		<DeviceType opt = "30,31,32">
		<!--IPC-->
		  <SoftwareVersion opt = "v20">
		  	<BuildDate opt="110301">
		  		<SerialNumber opt = "DS-2CD833F-EW,DS-2CD853F-EW,DS-2CD863PF-EW,DS-2CD863NF-EW,DS-2CD883F-EW,DS-2CD893PF-EW,DS-2CD893NF-EW,DS-2CD893PFWD-EW,DS-2CD893NFWD-EW,DS-2CD8133F-EW,DS-2CD8153F-EW">
					  <!--DS-2CD833F-EW/DS-2CD853F-EW/DS-2CD863PF-EW/DS-2CD863NF-EW/DS-2CD883F-EW/DS-2CD893PF-EW/DS-2CD893NF-EW/DS-2CD893PFWD-EW/DS-2CD893NFWD-EW/DS-2CD8133F-EW/DS-2CD8153F-EW-->
					  <File>IPC_WIFI_v20_v30.xml</File>
				  </SerialNumber>
				  <SerialNumber opt = "DS2CD852MF,DS-2CD852MF,DS2CD752MF,DS-2CD752MF">
				    <File>IPC_X52_v20_100521.xml</File>
			    </SerialNumber>
			    <SerialNumber opt = "DS2CD862MF,DS-2CD862MF,DS2CD762MF,DS-2CD762MF">
				    <File>IPC_X62_v20_100521.xml</File>
			    </SerialNumber>
				  <SerialNumber opt = "DS2CD852F,DS-2CD852F">
				    <File>852F_v20.xml</File>
			    </SerialNumber>
			    <SerialNumber opt = "DS2CD802,DS-2CD802,DS2CD812,DS-2CD812,DS2CD832,DS-2CD832,DS2CD892,DS-2CD892,DS2CD702,DS-2CD702,DS2CD712,DS-2CD712,DS2CD732,DS-2CD732,DS2CD792,DS-2CD792">
				    <File>IPC_6441_v20_110301.xml</File>
			    </SerialNumber>
				  <File>IPC_v20_v30.xml</File>
		  	</BuildDate>
		  	<BuildDate opt="100521">
		  		<SerialNumber opt = "DS-2CD833F-EW,DS-2CD853F-EW,DS-2CD863PF-EW,DS-2CD863NF-EW,DS-2CD883F-EW,DS-2CD893PF-EW,DS-2CD893NF-EW,DS-2CD893PFWD-EW,DS-2CD893NFWD-EW,DS-2CD8133F-EW,DS-2CD8153F-EW">
					  <!--DS-2CD833F-EW/DS-2CD853F-EW/DS-2CD863PF-EW/DS-2CD863NF-EW/DS-2CD883F-EW/DS-2CD893PF-EW/DS-2CD893NF-EW/DS-2CD893PFWD-EW/DS-2CD893NFWD-EW/DS-2CD8133F-EW/DS-2CD8153F-EW-->
					  <File>IPC_WIFI_v20_v30.xml</File>
				  </SerialNumber>
				  <SerialNumber opt = "DS2CD852MF,DS-2CD852MF,DS2CD752MF,DS-2CD752MF">
				    <File>IPC_X52_v20_100521.xml</File>
			    </SerialNumber>
			    <SerialNumber opt = "DS2CD862MF,DS-2CD862MF,DS2CD762MF,DS-2CD762MF">
				    <File>IPC_X62_v20_100521.xml</File>
			    </SerialNumber>
				  <SerialNumber opt = "DS2CD852F,DS-2CD852F">
				    <File>852F_v20.xml</File>
			    </SerialNumber>
			    <SerialNumber opt = "DS2CD802,DS-2CD802,DS2CD812,DS-2CD812,DS2CD832,DS-2CD832,DS2CD892,DS-2CD892,DS2CD702,DS-2CD702,DS2CD712,DS-2CD712,DS2CD732,DS-2CD732,DS2CD792,DS-2CD792">
				    <File>IPC_6441_v20_090108.xml</File>
			    </SerialNumber>
				  <File>IPC_v20_v30.xml</File>
		  	</BuildDate>
		  	<BuildDate opt="090522">
		  		<SerialNumber opt = "DS-2CD833F-EW,DS-2CD853F-EW,DS-2CD863PF-EW,DS-2CD863NF-EW,DS-2CD883F-EW,DS-2CD893PF-EW,DS-2CD893NF-EW,DS-2CD893PFWD-EW,DS-2CD893NFWD-EW,DS-2CD8133F-EW,DS-2CD8153F-EW">
					  <!--DS-2CD833F-EW/DS-2CD853F-EW/DS-2CD863PF-EW/DS-2CD863NF-EW/DS-2CD883F-EW/DS-2CD893PF-EW/DS-2CD893NF-EW/DS-2CD893PFWD-EW/DS-2CD893NFWD-EW/DS-2CD8133F-EW/DS-2CD8153F-EW-->
					  <File>IPC_WIFI_v20_v30.xml</File>
				  </SerialNumber>
				  <SerialNumber opt = "DS2CD852MF,DS-2CD852MF,DS2CD752MF,DS-2CD752MF">
				    <File>IPC_X52_v20_100521.xml</File>
			    </SerialNumber>
			    <SerialNumber opt = "DS2CD862MF,DS-2CD862MF,DS2CD762MF,DS-2CD762MF">
				    <File>IPC_X62_v20_100521.xml</File>
			    </SerialNumber>
				  <SerialNumber opt = "DS2CD852F,DS-2CD852F">
				    <File>852F_v20.xml</File>
			    </SerialNumber>
			    <SerialNumber opt = "DS2CD802,DS-2CD802,DS2CD812,DS-2CD812,DS2CD832,DS-2CD832,DS2CD892,DS-2CD892,DS2CD702,DS-2CD702,DS2CD712,DS-2CD712,DS2CD732,DS-2CD732,DS2CD792,DS-2CD792">
				    <File>IPC_6441_v20_090522.xml</File>
			    </SerialNumber>
				  <File>IPC_v20_v30.xml</File>
		  	</BuildDate>
		  	<BuildDate opt="090108">
		  		<SerialNumber opt = "DS-2CD833F-EW,DS-2CD853F-EW,DS-2CD863PF-EW,DS-2CD863NF-EW,DS-2CD883F-EW,DS-2CD893PF-EW,DS-2CD893NF-EW,DS-2CD893PFWD-EW,DS-2CD893NFWD-EW,DS-2CD8133F-EW,DS-2CD8153F-EW">
					  <!--DS-2CD833F-EW/DS-2CD853F-EW/DS-2CD863PF-EW/DS-2CD863NF-EW/DS-2CD883F-EW/DS-2CD893PF-EW/DS-2CD893NF-EW/DS-2CD893PFWD-EW/DS-2CD893NFWD-EW/DS-2CD8133F-EW/DS-2CD8153F-EW-->
					  <File>IPC_WIFI_v20_v30.xml</File>
				  </SerialNumber>
				  <SerialNumber opt = "DS2CD852MF,DS-2CD852MF,DS2CD752MF,DS-2CD752MF">
				    <File>IPC_X52_v20_100521.xml</File>
			    </SerialNumber>
			    <SerialNumber opt = "DS2CD862MF,DS-2CD862MF,DS2CD762MF,DS-2CD762MF">
				    <File>IPC_X62_v20_100521.xml</File>
			    </SerialNumber>
				  <SerialNumber opt = "DS2CD852F,DS-2CD852F">
				    <File>852F_v20.xml</File>
			    </SerialNumber>
			    <SerialNumber opt = "DS2CD802,DS-2CD802,DS2CD812,DS-2CD812,DS2CD832,DS-2CD832,DS2CD892,DS-2CD892,DS2CD702,DS-2CD702,DS2CD712,DS-2CD712,DS2CD732,DS-2CD732,DS2CD792,DS-2CD792">
				    <File>IPC_6441_v20_090108.xml</File>
			    </SerialNumber>
				  <File>IPC_v20_v30.xml</File>
		  	</BuildDate>
		  	<SerialNumber opt = "DS2CD852MF,DS-2CD852MF,DS2CD752MF,DS-2CD752MF,DS2CD862MF,DS-2CD862MF,DS2CD762MF,DS-2CD762MF,DS2CD802,DS-2CD802,DS2CD812,DS-2CD812,DS2CD832,DS-2CD832,DS2CD892,DS-2CD892,DS2CD702,DS-2CD702,DS2CD712,DS-2CD712,DS2CD732,DS-2CD732,DS2CD792,DS-2CD792">
				    <File>IPC_DEFAULT.xml</File>
			  </SerialNumber>
		  	<File>IPC_v20_v30.xml</File>
			</SoftwareVersion>
			<SoftwareVersion opt = "v30">
				<SerialNumber opt = "DS-2CD833F-EW,DS-2CD853F-EW,DS-2CD863PF-EW,DS-2CD863NF-EW,DS-2CD883F-EW,DS-2CD893PF-EW,DS-2CD893NF-EW,DS-2CD893PFWD-EW,DS-2CD893NFWD-EW,DS-2CD8133F-EW,DS-2CD8153F-EW">
					<!--DS-2CD833F-EW/DS-2CD853F-EW/DS-2CD863PF-EW/DS-2CD863NF-EW/DS-2CD883F-EW/DS-2CD893PF-EW/DS-2CD893NF-EW/DS-2CD893PFWD-EW/DS-2CD893NFWD-EW/DS-2CD8133F-EW/DS-2CD8153F-EW-->
					<File>IPC_WIFI_v20_v30.xml</File>
				</SerialNumber>
				<SerialNumber opt = "DS2CD852MF,DS-2CD852MF,DS2CD752MF,DS-2CD752MF">
				  <File>IPC_X52_v20_100521.xml</File>
			  </SerialNumber>
			  <SerialNumber opt = "DS2CD862MF,DS-2CD862MF,DS2CD762MF,DS-2CD762MF">
				  <File>IPC_X62_v20_100521.xml</File>
			  </SerialNumber>
				<SerialNumber opt = "DS2CD852F,DS-2CD852F">
				  <File>852F_v20.xml</File>
			  </SerialNumber>
			  <SerialNumber opt = "DS2CD802,DS-2CD802,DS2CD812,DS-2CD812,DS2CD832,DS-2CD832,DS2CD892,DS-2CD892,DS2CD702,DS-2CD702,DS2CD712,DS-2CD712,DS2CD732,DS-2CD732,DS2CD792,DS-2CD792">
				  <File>IPC_6441_v20_110301.xml</File>
			  </SerialNumber>
				<File>IPC_v20_v30.xml</File>
			</SoftwareVersion>
			<SoftwareVersion opt = "v32">
				<SerialNumber opt = "DS-2CD833F-EW,DS-2CD853F-EW,DS-2CD863PF-EW,DS-2CD863NF-EW,DS-2CD883F-EW,DS-2CD893PF-EW,DS-2CD893NF-EW,DS-2CD893PFWD-EW,DS-2CD893NFWD-EW,DS-2CD8133F-EW,DS-2CD8153F-EW">
					<!--DS-2CD833F-EW/DS-2CD853F-EW/DS-2CD863PF-EW/DS-2CD863NF-EW/DS-2CD883F-EW/DS-2CD893PF-EW/DS-2CD893NF-EW/DS-2CD893PFWD-EW/DS-2CD893NFWD-EW/DS-2CD8133F-EW/DS-2CD8153F-EW-->
					<File>IPC_WIFI_v20_v30.xml</File>
				</SerialNumber>
				<SerialNumber opt = "DS2CD852MF,DS-2CD852MF,DS2CD752MF,DS-2CD752MF">
				  <File>IPC_X52_v20_100521.xml</File>
			  </SerialNumber>
			  <SerialNumber opt = "DS2CD862MF,DS-2CD862MF,DS2CD762MF,DS-2CD762MF">
				  <File>IPC_X62_v20_100521.xml</File>
			  </SerialNumber>
				<SerialNumber opt = "DS2CD852F,DS-2CD852F">
				  <File>852F_v20.xml</File>
			  </SerialNumber>
			  <SerialNumber opt = "DS2CD802,DS-2CD802,DS2CD812,DS-2CD812,DS2CD832,DS-2CD832,DS2CD892,DS-2CD892,DS2CD702,DS-2CD702,DS2CD712,DS-2CD712,DS2CD732,DS-2CD732,DS2CD792,DS-2CD792">
				  <File>IPC_6441_v20_110301.xml</File>
			  </SerialNumber>
				<File>IPC_v32.xml</File>
			</SoftwareVersion>
			<SoftwareVersion opt = "v40">
				<BuildDate opt="120508">
					<!--update20120810:OEM[meifen] v2.0.3build120810-->
					<SerialNumber opt = "DS-2CD833F-EW,DS-2CD853F-EW,DS-2CD863PF-EW,DS-2CD863NF-EW,DS-2CD883F-EW,DS-2CD893PF-EW,DS-2CD893NF-EW,DS-2CD893PFWD-EW,DS-2CD893NFWD-EW,DS-2CD8133F-EW,DS-2CD8153F-EW">
					  <!--DS-2CD833F-EW/DS-2CD853F-EW/DS-2CD863PF-EW/DS-2CD863NF-EW/DS-2CD883F-EW/DS-2CD893PF-EW/DS-2CD893NF-EW/DS-2CD893PFWD-EW/DS-2CD893NFWD-EW/DS-2CD8133F-EW/DS-2CD8153F-EW-->
					  <File>IPC_WIFI_v40_120508.xml</File>
				  </SerialNumber>
				  <File>IPC_v40_120508.xml</File>
				</BuildDate>
				<BuildDate opt="121010">
					<!--add 20121010: v4.0.3 build121010-->
					<SerialNumber opt = "DS-2CD833F-EW,DS-2CD853F-EW,DS-2CD863PF-EW,DS-2CD863NF-EW,DS-2CD883F-EW,DS-2CD893PF-EW,DS-2CD893NF-EW,DS-2CD893PFWD-EW,DS-2CD893NFWD-EW,DS-2CD8133F-EW,DS-2CD8153F-EW">
					  <!--DS-2CD833F-EW/DS-2CD853F-EW/DS-2CD863PF-EW/DS-2CD863NF-EW/DS-2CD883F-EW/DS-2CD893PF-EW/DS-2CD893NF-EW/DS-2CD893PFWD-EW/DS-2CD893NFWD-EW/DS-2CD8133F-EW/DS-2CD8153F-EW-->
					  <File>IPC_WIFI_v403_121010.xml</File>
				  </SerialNumber>
				  <File>IPC_v403_121010.xml</File>
				</BuildDate>
				<!--20121018:add default branch-->
				<File>IPC_DEFAULT.xml</File>
			</SoftwareVersion>
			<File>IPC_DEFAULT.xml</File>
		</DeviceType>
		
		<DeviceType opt = "117">
		<!--DS81xxHS-ST-->
			<SoftwareVersion opt = "v12">
				<SerialNumber opt = "DS-8104HS-ST">
				<!--DS-8104HS-ST-->
					<File>8104HS_ST_v12.xml</File>
				</SerialNumber>
				<SerialNumber opt = "DS-8108HS-ST">
				<!--DS-8108HS-ST-->
					<File>8108HS_ST_v12.xml</File>
				</SerialNumber>
				<SerialNumber opt = "DS-8116HS-ST">
				<!--DS-8116HS-ST-->
					<File>8116HS_ST_v12.xml</File>
				</SerialNumber>
				<File>DVR_DEFAULT.xml</File>
			</SoftwareVersion>
			<File>DVR_DEFAULT.xml</File>
		</DeviceType>
		
		<DeviceType opt = "116">
		<!--DS81xxHC-ST-->
			<SoftwareVersion opt = "v12">
				<SerialNumber opt = "DS-8104HC-ST">
				<!--DS-8104HC-ST-->
					<File>8104HC_ST_v12.xml</File>
				</SerialNumber>
				<SerialNumber opt = "DS-8108HC-ST,DS-8116HC-ST">
				<!--DS-8108HC-ST/DS-8116HC-ST-->
					<File>8108_16HC_ST_v12.xml</File>
				</SerialNumber>
				<File>DVR_DEFAULT.xml</File>
			</SoftwareVersion>
			<File>DVR_DEFAULT.xml</File>
		</DeviceType>
		
		<DeviceType opt = "118">
		<!--DS81xxAH-ST-->
			<SoftwareVersion opt = "v12">
				<SerialNumber opt = "DS-8104AH-ST,DS-8108AH-ST">
				<!--DS-8104AH-ST/DS-8108AH-ST-->
					<File>8104_08AH(L)_ST_v12.xml</File>
				</SerialNumber>
				<File>DVR_DEFAULT.xml</File>
			</SoftwareVersion>
			<File>DVR_DEFAULT.xml</File>
		</DeviceType>
		
		<DeviceType opt = "119">
		<!--DS81xxAHF-ST-->
			<SoftwareVersion opt = "v32">
				<SerialNumber opt = "DS-8104AHF-ST,DS-8108AHF-ST">
				<!--DS-8104AHF-ST/DS-8108AHF-ST-->
					<File>8104_08AHF(L)_ST_v32.xml</File>
				</SerialNumber>
				<File>DVR_DEFAULT.xml</File>
			</SoftwareVersion>
			<File>DVR_DEFAULT.xml</File>
		</DeviceType>
		
		<DeviceType opt = "106">
			<!--20120912:mod xml name-->
		  <SoftwareVersion opt = "v10">
		  	<SerialNumber opt = "DS-6501HCI-SATA,DS-6502HCI-SATA,DS-6504HCI-SATA">
			    <File>6501_02_04HCI(S)_v10.xml</File>
			  </SerialNumber>
			  <SerialNumber opt = "DS-6508HCI-SATA">
			    <File>6508HCI(S)_v10.xml</File>
			  </SerialNumber>
			  <SerialNumber opt = "DS-6516HCI-SATA">
			    <File>6516HCI(S)_v10.xml</File>
			  </SerialNumber>
		  	<SerialNumber opt = "DS-6501HC-SATA,DS-6502HC-SATA,DS-6504HC-SATA,DS-6508HC-SATA">
			    <File>6501_02_04_08HC(S)_v10.xml</File>
			  </SerialNumber>
			  <SerialNumber opt = "DS-6516HC-SATA">
			    <File>6516HC(S)_v10.xml</File>
			  </SerialNumber>
			  <File>DVR_DEFAULT.xml</File>
			</SoftwareVersion>
			<File>DVR_DEFAULT.xml</File>
		</DeviceType>
		
		<DeviceType opt = "105">
			<!--20120912:mod xml name-->
		  <SoftwareVersion opt = "v10">
		  	<SerialNumber opt = "DS-6501HCI,DS-6502HCI,DS-6504HCI">
			    <File>6501_02_04HCI(S)_v10.xml</File>
			  </SerialNumber>
			  <SerialNumber opt = "DS-6508HCI">
			    <File>6508HCI(S)_v10.xml</File>
			  </SerialNumber>
			  <SerialNumber opt = "DS-6516HCI">
			    <File>6516HCI(S)_v10.xml</File>
			  </SerialNumber>
		  	<SerialNumber opt = "DS-6501HC,DS-6502HC,DS-6504HC,DS-6508HC">
			    <File>6501_02_04_08HC(S)_v10.xml</File>
			  </SerialNumber>
			  <SerialNumber opt = "DS-6516HC">
			    <File>6516HC(S)_v10.xml</File>
			  </SerialNumber>
			  <File>DVR_DEFAULT.xml</File>
			</SoftwareVersion>
			<File>DVR_DEFAULT.xml</File>
		</DeviceType>
		
		<DeviceType opt = "108">
			<!--20120912:mod xml name-->
			<SoftwareVersion opt = "v10">
				<!--DS6501HFI-SATA/DS6502HFI-SATA/DS6504HFI-SATA/DS6508HFI-SATA/DS6516HFI-SATA-->
			  <SerialNumber opt = "DS-6501HFI-SATA,DS-6502HFI-SATA,DS-6504HFI-SATA">
				  <File>6501_02_04HF(I)(S)_v10.xml</File>
			  </SerialNumber>
			  <SerialNumber opt = "DS-6508HFI-SATA,DS-6516HFI-SATA">
				  <File>6508_16HF(I)(S)_v10.xml</File>
			  </SerialNumber>
		    <!--DS6501HF-SATA/DS6502HF-SATA/DS6504HF-SATA/DS6508HF-SATA/DS6516HF-SATA-->
			  <SerialNumber opt = "DS-6501HF-SATA,DS-6502HF-SATA,DS-6504HF-SATA">
				  <!--DS6501HF-SATA/DS6502HF-SATA/DS6504HF-S-->
				  <File>6501_02_04HF(I)(S)_v10.xml</File>
			  </SerialNumber>
			  <SerialNumber opt = "DS-6508HF-SATA,DS-6516HF-SATA">
				  <!--/DS6508HF-SATA/DS6516HF-SATA-->
				  <File>6508_16HF(I)(S)_v10.xml</File>
			  </SerialNumber>
			  <File>DVR_DEFAULT.xml</File>
			</SoftwareVersion>
			<File>DVR_DEFAULT.xml</File>
		</DeviceType>
		
		<DeviceType opt = "107">
			<!--20120912:mod xml name-->
			<SoftwareVersion opt = "v10">
				<SerialNumber opt = "DS-6501HFI,DS-6502HFI,DS-6504HFI">
				  <!--DS6501HF/DS6502HF/DS6504HF-->
				  <File>6501_02_04HF(I)(S)_v10.xml</File>
			  </SerialNumber>
			  <SerialNumber opt = "DS-6508HFI,DS-6516HFI">
				  <!--/DS6508HFI/DS6516HFI-->
				  <File>6508_16HF(I)(S)_v10.xml</File>
			  </SerialNumber>
			  <SerialNumber opt = "DS-6501HF,DS-6502HF,DS-6504HF">
				  <!--DS6501HF/DS6502HF/DS6504HF-->
				  <File>6501_02_04HF(I)(S)_v10.xml</File>
			  </SerialNumber>
			  <SerialNumber opt = "DS-6508HF,DS-6516HF">
				  <!--/DS6508HF/DS6516HF-->
				  <File>6508_16HF(I)(S)_v10.xml</File>
			  </SerialNumber>
			  <File>DVR_DEFAULT.xml</File>
			</SoftwareVersion>
			<File>DVR_DEFAULT.xml</File>
		</DeviceType>
		
		<DeviceType opt = "35">
			<SoftwareVersion opt = "v30">
				<SerialNumber opt = "DS-2CD966-V">
				<!--DS-2CD966-V-->
					<File>966_V_v30.xml</File>
				</SerialNumber>
				<SerialNumber opt = "DS-2CD966">
				<!--DS-2CD966-->
					<File>966_v30.xml</File>
				</SerialNumber>
				<SerialNumber opt = "DS-2CD976-V">
				<!--DS-2CD976-V-->
					<File>976_V_v30.xml</File>
				</SerialNumber>
				<SerialNumber opt = "DS-2CD976">
				<!--DS-2CD976-->
					<File>976_v30.xml</File>
				</SerialNumber>
				<SerialNumber opt = "DS-2CD977">
				<!--DS-2CD977-->
					<File>977_v30.xml</File>
				</SerialNumber>
				<SerialNumber opt = "DS-2CD986A">
				<!--DS-2CD986A-->
					<File>986A_v30.xml</File>
				</SerialNumber>
				<SerialNumber opt = "DS-2CD986C">
				<!--DS-2CD986C-->
					<File>986C_v30.xml</File>
				</SerialNumber>
				<SerialNumber opt = "DS-2CD987">
				<!--DS-2CD987-->
					<File>987_v30.xml</File>
				</SerialNumber>
				<File>IPC_DEFAULT.xml</File>
			</SoftwareVersion>
			<SoftwareVersion opt = "v20,v21,v22,v23">
				<SerialNumber opt = "DS-2CD966-V">
				<!--DS-2CD966-V-->
					<File>966_V_v2x.xml</File>
				</SerialNumber>
				<SerialNumber opt = "DS-2CD966">
				<!--DS-2CD966-->
					<File>966_v2x.xml</File>
				</SerialNumber>
				<SerialNumber opt = "DS-2CD976-V">
				<!--DS-2CD976-V-->
					<File>976_V_v2x.xml</File>
				</SerialNumber>
				<SerialNumber opt = "DS-2CD976">
				<!--DS-2CD976-->
					<File>976_v2x.xml</File>
				</SerialNumber>
				<SerialNumber opt = "DS-2CD977">
				<!--DS-2CD977-->
					<File>977_v2x.xml</File>
				</SerialNumber>
				<SerialNumber opt = "DS-2CD986A">
				<!--DS-2CD986A-->
					<File>986A_v2x.xml</File>
				</SerialNumber>
				<SerialNumber opt = "DS-2CD986C">
				<!--DS-2CD986C-->
					<File>986C_v2x.xml</File>
				</SerialNumber>
				<File>IPC_DEFAULT.xml</File>
			</SoftwareVersion>
			<File>IPC_DEFAULT.xml</File>
		</DeviceType>
		
		<DeviceType opt = "40">
		  <SoftwareVersion opt = "v10,v11">
			  <SerialNumber opt = "DS-2DF1-572,DS-2DF1-5702,DS-2DF1-5732,DS-2DM1-572,DS-2DM1-5702,DS-2DM1-5732">
				  <File>DF(M)57x2_v110.xml</File>
			  </SerialNumber>
			  <SerialNumber opt = "DS-2DF1-573,DS-2DF1-5703,DS-2DF1-5733,DS-2DF1-575,DS-2DF1-5705,DS-2DF1-5735,DS-2DM1-573DS-2DM1-5703,DS-2DM1-5733,DS-2DM1-575,DS-2DM1-5705,DS-2DM1-5735">
				  <File>DF(M)57x3_57x5_v110.xml</File>
			  </SerialNumber>
			  <SerialNumber opt = "DS-2DF1-57A,DS-2DF1-570A,DS-2DF1-573A,DS-2DM1-57A,DS-2DM1-570A,DS-2DM1-573A">
				  <File>DF(M)57xA_v110.xml</File>
			  </SerialNumber>
			  <SerialNumber opt = "DS-2DF1-581,DS-2DF1-5801,DS-2DF1-5831">
				  <File>DF58x1_v110.xml</File>
			  </SerialNumber>
			  <SerialNumber opt = "DS-2DF1-583,DS-2DF1-5803,DS-2DF1-5833">
				  <File>DF58x3_v110.xml</File>
			  </SerialNumber>
			  <SerialNumber opt = "DS-2DF1-772">
				  <File>DF772_v110.xml</File>
			  </SerialNumber>
			  <SerialNumber opt = "DS-2DF1-77A,DS-2DM1-77A">
				  <File>DF(M)77A_v110.xml</File>
			  </SerialNumber>
			  <SerialNumber opt = "DS-2DF1-783">
				  <File>DF783_v110.xml</File>
			  </SerialNumber>
			  <File>IPD_DEFAULT.xml</File>
			</SoftwareVersion>
			<SoftwareVersion opt = "v20">
			  <SerialNumber opt = "DS-2DF1-61,DS-2DF1-60,DS-2DF1-63">
				  <File>DF(M)61x_60x_63x_v201.xml</File>
			  </SerialNumber>
			  <SerialNumber opt = "DS-2DF1-672,DS-2DF1-6702,DS-2DF1-6732">
				  <File>DF67x2_v202.xml</File>
			  </SerialNumber>
			  <SerialNumber opt = "DS-2DF1-67A,DS-2DF1-670A,DS-2DF1-673A">
				  <File>DF67xA_v202.xml</File>
			  </SerialNumber>
			  <SerialNumber opt = "DS-2DF1-71,DS-2DM1-71">
				  <File>DF(M)71x_v201.xml</File>
			  </SerialNumber>
			  <SerialNumber opt = "DS-2DF1-40">
				  <File>DF40x_v201.xml</File>
			  </SerialNumber>
			  <SerialNumber opt = "DS-2DF1-51,DS-2DF1-50,DS-2DF1-53,DS-2DM1-51,DS-2DM1-50,DS-2DM1-53">
				  <File>DF(M)50x_51x_53x_v201.xml</File>
			  </SerialNumber>
			  <File>IPD_DEFAULT.xml</File>
			</SoftwareVersion>
			<SoftwareVersion opt = "v31">
			  <SerialNumber opt = "DS-2DF1-61,DS-2DF1-60,DS-2DF1-63,DS-2DM1-61,DS-2DM1-60,DS-2DM1-63">
				  <File>DF(M)61x_60x_63x_v310.xml</File>
			  </SerialNumber>
			  <SerialNumber opt = "DS-2DF1-71,DS-2DM1-71">
				  <File>DF(M)71x_v310.xml</File>
			  </SerialNumber>
			  <SerialNumber opt = "DS-2DF1-40">
				  <File>DF40x_v310.xml</File>
			  </SerialNumber>
			  <SerialNumber opt = "DS-2DF1-51,DS-2DF1-50,DS-2DF1-53,DS-2DM1-51,DS-2DM1-50,DS-2DM1-53">
				  <File>DF(M)50x_51x_53x_v310.xml</File>
			  </SerialNumber>
			  <File>IPD_DEFAULT.xml</File>
			</SoftwareVersion>
			<SoftwareVersion opt = "v40">
			  <SerialNumber opt = "DS-2DF1-572,DS-2DF1-5702,DS-2DF1-5732">
				  <File>DF57x2_v402.xml</File>
			  </SerialNumber>
			  <SerialNumber opt = "DS-2DF1-57A,DS-2DF1-570A,DS-2DF1-573A">
				  <File>DF57xA_v402.xml</File>
			  </SerialNumber>
			  <SerialNumber opt = "DS-2DF1-77A">
				  <File>DF77A_v402.xml</File>
			  </SerialNumber>
			  <File>IPD_DEFAULT.xml</File>
			</SoftwareVersion>
			<File>IPD_DEFAULT.xml</File>
		</DeviceType>
		
		<DeviceType opt = "41">
		  <SoftwareVersion opt = "v10,v11">
			  <SerialNumber opt = "DS-2DF1-572,DS-2DF1-5702,DS-2DF1-5732,DS-2DM1-572,DS-2DM1-5702,DS-2DM1-5732">
				  <File>DF(M)57x2_v110.xml</File>
			  </SerialNumber>
			  <SerialNumber opt = "DS-2DF1-573,DS-2DF1-5703,DS-2DF1-5733,DS-2DF1-575,DS-2DF1-5705,DS-2DF1-5735,DS-2DM1-573DS-2DM1-5703,DS-2DM1-5733,DS-2DM1-575,DS-2DM1-5705,DS-2DM1-5735">
				  <File>DF(M)57x3_57x5_v110.xml</File>
			  </SerialNumber>
			  <SerialNumber opt = "DS-2DF1-57A,DS-2DF1-570A,DS-2DF1-573A,DS-2DM1-57A,DS-2DM1-570A,DS-2DM1-573A">
				  <File>DF(M)57xA_v110.xml</File>
			  </SerialNumber>
			  <SerialNumber opt = "DS-2DF1-581,DS-2DF1-5801,DS-2DF1-5831">
				  <File>DF58x1_v110.xml</File>
			  </SerialNumber>
			  <SerialNumber opt = "DS-2DF1-583,DS-2DF1-5803,DS-2DF1-5833">
				  <File>DF58x3_v110.xml</File>
			  </SerialNumber>
			  <SerialNumber opt = "DS-2DF1-772">
				  <File>DF772_v110.xml</File>
			  </SerialNumber>
			  <SerialNumber opt = "DS-2DF1-77A,DS-2DM1-77A">
				  <File>DF(M)77A_v110.xml</File>
			  </SerialNumber>
			  <SerialNumber opt = "DS-2DF1-783">
				  <File>DF783_v110.xml</File>
			  </SerialNumber>
			  <File>IPD_DEFAULT.xml</File>
			</SoftwareVersion>
			<SoftwareVersion opt = "v20">
			  <SerialNumber opt = "DS-2DF1-61,DS-2DF1-60,DS-2DF1-63">
				  <File>DF(M)61x_60x_63x_v201.xml</File>
			  </SerialNumber>
			  <SerialNumber opt = "DS-2DF1-672,DS-2DF1-6702,DS-2DF1-6732">
				  <File>DF67x2_v202.xml</File>
			  </SerialNumber>
			  <SerialNumber opt = "DS-2DF1-67A,DS-2DF1-670A,DS-2DF1-673A">
				  <File>DF67xA_v202.xml</File>
			  </SerialNumber>
			  <SerialNumber opt = "DS-2DF1-71,DS-2DM1-71">
				  <File>DF(M)71x_v201.xml</File>
			  </SerialNumber>
			  <SerialNumber opt = "DS-2DF1-40">
				  <File>DF40x_v201.xml</File>
			  </SerialNumber>
			  <SerialNumber opt = "DS-2DF1-51,DS-2DF1-50,DS-2DF1-53,DS-2DM1-51,DS-2DM1-50,DS-2DM1-53">
				  <File>DF(M)50x_51x_53x_v201.xml</File>
			  </SerialNumber>
			  <File>IPD_DEFAULT.xml</File>
			</SoftwareVersion>
			<SoftwareVersion opt = "v31">
			  <SerialNumber opt = "DS-2DF1-61,DS-2DF1-60,DS-2DF1-63,DS-2DM1-61,DS-2DM1-60,DS-2DM1-63">
				  <File>DF(M)61x_60x_63x_v310.xml</File>
			  </SerialNumber>
			  <SerialNumber opt = "DS-2DF1-71,DS-2DM1-71">
				  <File>DF(M)71x_v310.xml</File>
			  </SerialNumber>
			  <SerialNumber opt = "DS-2DF1-40">
				  <File>DF40x_v310.xml</File>
			  </SerialNumber>
			  <SerialNumber opt = "DS-2DF1-51,DS-2DF1-50,DS-2DF1-53,DS-2DM1-51,DS-2DM1-50,DS-2DM1-53">
				  <File>DF(M)50x_51x_53x_v310.xml</File>
			  </SerialNumber>
			  <File>IPD_DEFAULT.xml</File>
			</SoftwareVersion>
			<SoftwareVersion opt = "v40">
			  <SerialNumber opt = "DS-2DF1-572,DS-2DF1-5702,DS-2DF1-5732">
				  <File>DF57x2_v402.xml</File>
			  </SerialNumber>
			  <SerialNumber opt = "DS-2DF1-57A,DS-2DF1-570A,DS-2DF1-573A">
				  <File>DF57xA_v402.xml</File>
			  </SerialNumber>
			  <SerialNumber opt = "DS-2DF1-77A">
				  <File>DF77A_v402.xml</File>
			  </SerialNumber>
			  <File>IPD_DEFAULT.xml</File>
			</SoftwareVersion>
			<File>IPD_DEFAULT.xml</File>
		</DeviceType>
		
		<DeviceType opt = "42">
		  <SoftwareVersion opt = "v10,v11">
			  <SerialNumber opt = "DS-2DF1-572,DS-2DF1-5702,DS-2DF1-5732,DS-2DM1-572,DS-2DM1-5702,DS-2DM1-5732">
				  <File>DF(M)57x2_v110.xml</File>
			  </SerialNumber>
			  <SerialNumber opt = "DS-2DF1-573,DS-2DF1-5703,DS-2DF1-5733,DS-2DF1-575,DS-2DF1-5705,DS-2DF1-5735,DS-2DM1-573DS-2DM1-5703,DS-2DM1-5733,DS-2DM1-575,DS-2DM1-5705,DS-2DM1-5735">
				  <File>DF(M)57x3_57x5_v110.xml</File>
			  </SerialNumber>
			  <SerialNumber opt = "DS-2DF1-57A,DS-2DF1-570A,DS-2DF1-573A,DS-2DM1-57A,DS-2DM1-570A,DS-2DM1-573A">
				  <File>DF(M)57xA_v110.xml</File>
			  </SerialNumber>
			  <SerialNumber opt = "DS-2DF1-581,DS-2DF1-5801,DS-2DF1-5831">
				  <File>DF58x1_v110.xml</File>
			  </SerialNumber>
			  <SerialNumber opt = "DS-2DF1-583,DS-2DF1-5803,DS-2DF1-5833">
				  <File>DF58x3_v110.xml</File>
			  </SerialNumber>
			  <SerialNumber opt = "DS-2DF1-772">
				  <File>DF772_v110.xml</File>
			  </SerialNumber>
			  <SerialNumber opt = "DS-2DF1-77A,DS-2DM1-77A">
				  <File>DF(M)77A_v110.xml</File>
			  </SerialNumber>
			  <SerialNumber opt = "DS-2DF1-783">
				  <File>DF783_v110.xml</File>
			  </SerialNumber>
			  <File>IPD_DEFAULT.xml</File>
			</SoftwareVersion>
			<SoftwareVersion opt = "v20">
			  <SerialNumber opt = "DS-2DF1-61,DS-2DF1-60,DS-2DF1-63">
				  <File>DF(M)61x_60x_63x_v201.xml</File>
			  </SerialNumber>
			  <SerialNumber opt = "DS-2DF1-672,DS-2DF1-6702,DS-2DF1-6732">
				  <File>DF67x2_v202.xml</File>
			  </SerialNumber>
			  <SerialNumber opt = "DS-2DF1-67A,DS-2DF1-670A,DS-2DF1-673A">
				  <File>DF67xA_v202.xml</File>
			  </SerialNumber>
			  <SerialNumber opt = "DS-2DF1-71,DS-2DM1-71">
				  <File>DF(M)71x_v201.xml</File>
			  </SerialNumber>
			  <SerialNumber opt = "DS-2DF1-40">
				  <File>DF40x_v201.xml</File>
			  </SerialNumber>
			  <SerialNumber opt = "DS-2DF1-51,DS-2DF1-50,DS-2DF1-53,DS-2DM1-51,DS-2DM1-50,DS-2DM1-53">
				  <File>DF(M)50x_51x_53x_v201.xml</File>
			  </SerialNumber>
			  <File>IPD_DEFAULT.xml</File>
			</SoftwareVersion>
			<SoftwareVersion opt = "v31">
			  <SerialNumber opt = "DS-2DF1-61,DS-2DF1-60,DS-2DF1-63,DS-2DM1-61,DS-2DM1-60,DS-2DM1-63">
				  <File>DF(M)61x_60x_63x_v310.xml</File>
			  </SerialNumber>
			  <SerialNumber opt = "DS-2DF1-71,DS-2DM1-71">
				  <File>DF(M)71x_v310.xml</File>
			  </SerialNumber>
			  <SerialNumber opt = "DS-2DF1-40">
				  <File>DF40x_v310.xml</File>
			  </SerialNumber>
			  <SerialNumber opt = "DS-2DF1-51,DS-2DF1-50,DS-2DF1-53,DS-2DM1-51,DS-2DM1-50,DS-2DM1-53">
				  <File>DF(M)50x_51x_53x_v310.xml</File>
			  </SerialNumber>
			  <File>IPD_DEFAULT.xml</File>
			</SoftwareVersion>
			<SoftwareVersion opt = "v40">
			  <SerialNumber opt = "DS-2DF1-572,DS-2DF1-5702,DS-2DF1-5732">
				  <File>DF57x2_v402.xml</File>
			  </SerialNumber>
			  <SerialNumber opt = "DS-2DF1-57A,DS-2DF1-570A,DS-2DF1-573A">
				  <File>DF57xA_v402.xml</File>
			  </SerialNumber>
			  <SerialNumber opt = "DS-2DF1-77A">
				  <File>DF77A_v402.xml</File>
			  </SerialNumber>
			  <File>IPD_DEFAULT.xml</File>
			</SoftwareVersion>
			<File>IPD_DEFAULT.xml</File>
		</DeviceType>
		
		<DeviceType opt = "43">
			<SoftwareVersion opt = "v10,v11,v20">
			  <SerialNumber opt = "iDS-2DF1-517,iDS-2DF1-717">
				  <File>iDF51X_v203.xml</File>
			  </SerialNumber>
			  <File>IPD_DEFAULT.xml</File>
			</SoftwareVersion>
			<File>IPD_DEFAULT.xml</File>
		</DeviceType>
		
		<DeviceType opt = "112">
			<SoftwareVersion opt = "v130,v132">
				<!--Add 20121024:-->
				<SerialNumber opt = "DS-7204HVI-ST/SN">
					<!--Add 20121024:v1.3.0 build120809,v1.3.2 build120823-->
					<File>7204HVI_STSN_v132.xml</File>
				</SerialNumber>
				<SerialNumber opt = "DS-7204HVI-ST">
					<!--Add 20121024:v1.3.0 build120809,v1.3.2 build120823-->
					<File>7204HVI_ST_v132.xml</File>
				</SerialNumber>
				<SerialNumber opt = "DS-7208HVI-ST">
					<!--Add 20121025:v1.3.0 build120809,v1.3.2 build120823-->
					<File>7208HVI_ST_v132.xml</File>
				</SerialNumber>
				<File>DVR_DEFAULT.xml</File>
			</SoftwareVersion>
		<!--DS7204HV-XX/DS7204HVI-XX/DS7208HV-XX/DS7208HVI-XX/DS7204HF-XX/DS7204HFI-XX-->
			<SoftwareVersion opt = "v122">
				<SerialNumber opt = "DS-7204HV-ST">
				<!--DS7204HV-ST-->
					<File>7204HV_ST_v122.xml</File>
				</SerialNumber>
				<SerialNumber opt = "DS-7204HV-SN">
				<!--DS7204HV-SN-->
					<File>7204HV_SN_v122.xml</File>
				</SerialNumber>
				<SerialNumber opt = "DS-7204HVI-ST/SE">
				<!--DS-7204HVI-ST/SE-->
					<File>7204HVI_STSE_v122.xml</File>
				</SerialNumber>
				<SerialNumber opt = "DS-7204HVI-ST/SN">
				<!--DS-7204HVI-ST/SN-->
					<File>7204HVI_STSN_v122.xml</File>
				</SerialNumber>
				<SerialNumber opt = "DS-7204HVI-ST/SN">
				<!--DS-7204HVI-ST/SN-->
					<File>7204HVI_STSN_v122.xml</File>
				</SerialNumber>
				<SerialNumber opt = "DS-7204HVI-ST/RW">
				<!--DS-7204HVI-ST/RW-->
					<File>7204HVI_STRW_v122.xml</File>
				</SerialNumber>
				<SerialNumber opt = "DS-7204HVI-ST">
				<!--DS-7204HVI-ST-->
					<File>7204HVI_ST_v122.xml</File>
				</SerialNumber>
				<SerialNumber opt = "DS-7208HVI-ST/RW">
				<!--DS-7208HVI-ST/RW-->
					<File>7208HVI_STRW_v122.xml</File>
				</SerialNumber>
				<SerialNumber opt = "DS-7208HVI-ST/SE">
				<!--DS-7208HVI-ST/SE-->
					<File>7208HVI_STSE_v122.xml</File>
				</SerialNumber>
				<SerialNumber opt = "DS-7208HVI-ST/SN">
				<!--DS-7208HVI-ST/SN-->
					<File>7208HVI_STSN_v122.xml</File>
				</SerialNumber>
				<SerialNumber opt = "DS-7208HVI-ST">
				<!--DS-7208HVI-ST-->
					<File>7208HVI_ST_v122.xml</File>
				</SerialNumber>
				<SerialNumber opt = "DS-7208HV-ST">
				<!--DS-7208HV-ST-->
					<File>7208HV_ST_v122.xml</File>
				</SerialNumber>
				<SerialNumber opt = "DS-7208HV-SN">
				<!--DS-7208HV-SN-->
					<File>7208HV_SN_v122.xml</File>
				</SerialNumber>
				<SerialNumber opt = "DS-7204HFI-ST/SE">
				<!--DS-7204HFI-ST/SE-->
					<File>7204HFI_STSE_v122.xml</File>
				</SerialNumber>
				<SerialNumber opt = "DS-7204HFI-ST/RW">
				<!--DS-7204HFI-ST/RW-->
					<File>7204HFI_STRW_v122.xml</File>
				</SerialNumber>
				<SerialNumber opt = "DS-7204HFI-ST/SN">
				<!--DS-7204HFI-ST/SN-->
					<File>7204HFI_STSN_v122.xml</File>
				</SerialNumber>
				<SerialNumber opt = "DS-7204HFI-ST">
				<!--DS-7204HFI-ST-->
					<File>7204HFI_ST_v122.xml</File>
				</SerialNumber>
				<SerialNumber opt = "DS-7204HF-ST">
				<!--DS-7204HF-ST-->
					<File>7204HF_ST_v122.xml</File>
				</SerialNumber>
	      <SerialNumber opt = "DS-7804HF-SN">
				<!--DS-7804HF-SN-->
					<File>7804HF_SN_v122.xml</File>
				</SerialNumber>
				<File>DVR_DEFAULT.xml</File>
			</SoftwareVersion>
			<File>DVR_DEFAULT.xml</File>
		</DeviceType>
		
		<DeviceType opt = "113">
			<SoftwareVersion opt = "v130,v132">
				<!--Add 20121025:-->
				<SerialNumber opt = "DS-7216HVI-ST">
					<!--Add 20121025:v1.3.0 build120809,v1.3.2 build120823-->
					<File>7216HVI_ST_v132.xml</File>
				</SerialNumber>
				<File>DVR_DEFAULT.xml</File>
			</SoftwareVersion>
		<!--DS7216HV-XX/DS7216HVI-XX/DS7208HF-XX/DS7208HFI-XX/DS7216HFI-XX/DS7216HF-XX-->
			<SoftwareVersion opt = "v122">
				<SerialNumber opt = "DS-7216HVI-ST/SE">
				<!--DS7216HVI-ST/SE-->
					<File>7216HVI_STSE_v122.xml</File>
				</SerialNumber>
				<SerialNumber opt = "DS-7216HVI-ST/SN">
				<!--DS7216HVI-ST/SN-->
					<File>7216HVI_STSN_v122.xml</File>
				</SerialNumber>
				<SerialNumber opt = "DS-7216HVI-ST">
				<!--DS7216HVI-ST-->
					<File>7216HVI_ST_v122.xml</File>
				</SerialNumber>
				<SerialNumber opt = "DS-7216HV-ST">
				<!--DS7216HV-ST-->
					<File>7216HV_ST_v122.xml</File>
				</SerialNumber>
				<SerialNumber opt = "DS-7216HV-SN">
				<!--DS7216HV-SN-->
					<File>7216HV_SN_v122.xml</File>
				</SerialNumber>
				<SerialNumber opt = "DS-7208HF-ST">
				<!--DS-7208HF-ST-->
					<File>7208HF_ST_v122.xml</File>
				</SerialNumber>
				<SerialNumber opt = "DS-7208HFI-ST/SE">
				<!--DS-7208HFI-ST/SE-->
					<File>7208HFI_STSE_v122.xml</File>
				</SerialNumber>
				<SerialNumber opt = "DS-7208HFI-ST/RW">
				<!--DS-7208HFI-ST/RW-->
					<File>7208HFI_STRW_v122.xml</File>
				</SerialNumber>
				<SerialNumber opt = "DS-7208HFI-ST/SN">
				<!--DS-7208HFI-ST/SN-->
					<File>7208HFI_STSN_v122.xml</File>
				</SerialNumber>
				<SerialNumber opt = "DS-7208HFI-ST">
				<!--DS-7208HFI-ST-->
					<File>7208HFI_ST_v122.xml</File>
				</SerialNumber>
				<SerialNumber opt = "DS-7216HFI-ST/RW">
				<!--DS-7216HFI-ST/RW-->
					<File>7216HFI_STRW_v122.xml</File>
				</SerialNumber>
				<SerialNumber opt = "DS-7216HFI-ST/SN">
				<!--DS-7216HFI-ST/SN-->
					<File>7216HFI_STSN_v122.xml</File>
				</SerialNumber>
				<SerialNumber opt = "DS-7216HFI-ST/SE">
				<!--DS-7216HFI-ST/SE-->
					<File>7216HFI_STSE_v122.xml</File>
				</SerialNumber>
				<SerialNumber opt = "DS-7216HFI-ST">
				<!--DS-7216HFI-ST-->
					<File>7216HFI_ST_v122.xml</File>
				</SerialNumber>
				<SerialNumber opt = "DS-7216HF-ST">
				<!--DS-7216HF-ST-->
					<File>7216HF_ST_v122.xml</File>
				</SerialNumber>
				<File>DVR_DEFAULT.xml</File>
			</SoftwareVersion>
			<File>DVR_DEFAULT.xml</File>
		</DeviceType>
		
		<DeviceType opt = "120">
		<!--660xHF/660xHC-->
			<SoftwareVersion opt = "v12">
				<SerialNumber opt = "DS-6601HF-SATA,DS-6602HF-SATA,DS-6604HF-SATA">
				<!--DS-6601HF-S,DS-6602HF-S,DS-6604HF-S-->
					<File>660xHF_S_v12.xml</File>
				</SerialNumber>
				<SerialNumber opt = "DS-6601HF,DS-6602HF,DS-6604HF">
				<!--DS-6601HF-->
					<File>660xHF_v12.xml</File>
				</SerialNumber>
				<SerialNumber opt = "DS-6601HC-SATA,DS-6602HC-SATA,DS-6604HC-SATA">
				<!--DS-6601HC-S,DS-6602HC-S,DS-6604HC-S-->
					<File>660xHC_S_v12.xml</File>
				</SerialNumber>
				<SerialNumber opt = "DS-6601HCI-SATA,DS-6602HCI-SATA,DS-6604HCI-SATA">
					<File>660xHCI_S_v12.xml</File>
				</SerialNumber>
				<SerialNumber opt = "DS-6601HCI,DS-6602HCI,DS-6604HCI">
				<!--DS-6601HCI,DS-6602HCI,DS-6604HCI-->
					<File>660xHCI_v12.xml</File>
				</SerialNumber>
				<SerialNumber opt = "DS-6601HC,DS-6602HC,DS-6604HC">
				<!--DS-6601HC,DS-6602HC,DS-6604HC-->
					<File>660xHC_v12.xml</File>
				</SerialNumber>
				<File>DVR_DEFAULT.xml</File>
			</SoftwareVersion>
			<SoftwareVersion opt = "v10">
				<SerialNumber opt = "DS-6601HF,DS-6602HF,DS-6604HF">
				<!--DS-6601HF-->
					<File>660xHF_v10.xml</File>
				</SerialNumber>
				<SerialNumber opt = "DS-6601HF-SATA,DS-6602HF-SATA,DS-6604HF-SATA">
				<!--DS-6601HF-S,DS-6602HF-S,DS-6604HF-S-->
					<File>660xHF_S_v10.xml</File>
				</SerialNumber>
				<SerialNumber opt = "DS-6601HC-SATA,DS-6602HC-SATA,DS-6604HC-SATA">
				<!--DS-6601HC-S,DS-6602HC-S,DS-6604HC-S-->
					<File>660xHC_S_v10.xml</File>
				</SerialNumber>
				<SerialNumber opt = "DS-6601HC/WIFI,DS-6602HC/WIFI,DS-6604HC/WIFI">
				<!--DS-6601HC/WIFI,DS-6602HC/WIFI,DS-6604HC/WIFI-->
					<File>660xHC_WIFI_v10.xml</File>
				</SerialNumber>
				<SerialNumber opt = "DS-6601HCI-SATA,DS-6602HCI-SATA,DS-6604HCI-SATA">
					<File>660xHCI_S_v10.xml</File>
				</SerialNumber>
				<SerialNumber opt = "DS-6601HCI,DS-6602HCI,DS-6604HCI">
				<!--DS-6601HCI,DS-6602HCI,DS-6604HCI-->
					<File>660xHCI_v10.xml</File>
				</SerialNumber>
				<SerialNumber opt = "DS-6601HC,DS-6602HC,DS-6604HC">
				<!--DS-6601HC,DS-6602HC,DS-6604HC-->
					<File>660xHC_v10.xml</File>
				</SerialNumber>
				<File>DVR_DEFAULT.xml</File>
			</SoftwareVersion>
			<File>DVR_DEFAULT.xml</File>
		</DeviceType>
		
		<DeviceType opt = "183">
		<!--78xxH-->
			<SoftwareVersion opt = "v12">
				<SerialNumber opt = "DS-7804H-SE">
				<!--DS-7804H-SE-->
					<File>7804H_SE_v12.xml</File>
				</SerialNumber>
				<SerialNumber opt = "DS-7804H-ST">
				<!--DS-7804H-ST-->
					<File>7804H_ST_v12.xml</File>
				</SerialNumber>
				<SerialNumber opt = "DS-7804H-SN">
				<!--DS-7804H-SN-->
					<File>7804H-SN_v12.xml</File>
				</SerialNumber>
				<SerialNumber opt = "DS-7808H-ST">
				<!--DS-7808H-ST-->
					<File>7808H_ST_v12.xml</File>
				</SerialNumber>
				<SerialNumber opt = "DS-7808H-SE">
				<!--DS-7808H-SE-->
					<File>7808H_SE_v12.xml</File>
				</SerialNumber>
				<SerialNumber opt = "DS-7808H-SN">
				<!--DS-7808H-SN-->
					<File>7808H_SN_v12.xml</File>
				</SerialNumber>
				<SerialNumber opt = "DS-7816H-SN">
				<!--DS-7816H-SN-->
					<File>7816H_SN_v12.xml</File>
				</SerialNumber>
				<SerialNumber opt = "DS-7816H-ST">
				<!--DS-7816H-ST-->
					<File>7816H_ST_v12.xml</File>
				</SerialNumber>
				<SerialNumber opt = "DS-7816H-SE">
				<!--DS-7816H-SE-->
					<File>7816H_SE_v12.xml</File>
				</SerialNumber>
				<File>DVR_DEFAULT.xml</File>
			</SoftwareVersion>
			<File>DVR_DEFAULT.xml</File>
		</DeviceType>
		
		<DeviceType opt = "186">
		<!--81xxHW-ST-->
			<SoftwareVersion opt = "v20">
				<SerialNumber opt = "DS-8108HW-ST">
				<!--DS-8108HW-ST-->
					<File>8108HW_ST_v20.xml</File>
				</SerialNumber>
				<SerialNumber opt = "DS-8116HW-ST">
				<!--DS-8116HW-ST-->
					<File>8116HW_ST_v20.xml</File>
				</SerialNumber>
				<File>DVR_DEFAULT.xml</File>
			</SoftwareVersion>
			<File>DVR_DEFAULT.xml</File>
		</DeviceType>
		
		<DeviceType opt = "187">
		<!--91xxHW-ST-->
			<SoftwareVersion opt = "v20">
				<SerialNumber opt = "DS-9108HW-ST">
				<!--DS-9108HW-ST-->
					<File>9108HW_ST_v20.xml</File>
				</SerialNumber>
				<SerialNumber opt = "DS-9116HW-ST">
				<!--DS-9116HW-ST-->
					<File>9116HW_ST_v20.xml</File>
				</SerialNumber>
				<File>DVR_DEFAULT.xml</File>
			</SoftwareVersion>
			<File>DVR_DEFAULT.xml</File>
		</DeviceType>
		
		<DeviceType opt = "204">
		<!--91xxHFH-ST-->
			<SoftwareVersion opt = "v20">
				<SerialNumber opt = "DS-9104HFH-ST">
				<!--DS-9104HFH-ST-->
					<File>9104HFH_ST_v20.xml</File>
				</SerialNumber>
				<File>DVR_DEFAULT.xml</File>
			</SoftwareVersion>
			<SoftwareVersion opt = "v21">
				<SerialNumber opt = "DS-9104HFH-ST">
				<!--update20120807:[add]9104HFH_ST_v21.xml-->
					<File>9104HFH_ST_v21.xml</File>
				</SerialNumber>
				<SerialNumber opt = "DS-9104HFHI-ST">
				<!--update20120807:[add]9104HFH_ST_v21.xml-->
					<File>9104HFH_ST_v21.xml</File>
				</SerialNumber>
				<SerialNumber opt = "DS-9108HFH-ST">
				<!--update20120807:[add]9108HFH_ST_v21.xml-->
					<File>9108HFH_ST_v21.xml</File>
				</SerialNumber>
				<SerialNumber opt = "DS-9108HFHI-ST">
				<!--update20120807:[add]9108HFH_ST_v21.xml-->
					<File>9108HFH_ST_v21.xml</File>
				</SerialNumber>
				<File>DVR_DEFAULT.xml</File>
			</SoftwareVersion>
			<File>DVR_DEFAULT.xml</File>
		</DeviceType>
		
		<DeviceType opt = "27">
		<!--DS6301D-->
			<SoftwareVersion opt = "v320,v321,v310,v300">
				<SerialNumber opt = "DS-6301D">
				<!--DS-6301D-->
					<File>6301D_v320.xml</File>
				</SerialNumber>
				<SerialNumber opt = "DS-6304D">
				<!--DS-6304D-->
					<File>6304D_v320.xml</File>
				</SerialNumber>
				<SerialNumber opt = "DS-6308D">
				<!--DS-6308D-->
					<File>6308D_v320.xml</File>
				</SerialNumber>
				<File>DECODER_DEFAULT.xml</File>
			</SoftwareVersion>
			<File>DECODER_DEFAULT.xml</File>
		</DeviceType>
		
		<DeviceType opt = "701">
		<!--DS6400HD-T-->
			<SoftwareVersion opt = "v150,v100">
				<SerialNumber opt = "DS-6401HD-T">
				<!--DS-6401HD-T-->
					<File>6401HD_T_v150.xml</File>
				</SerialNumber>
				<SerialNumber opt = "DS-6404HD-T">
				<!--DS-6404HD-T-->
					<File>6404HD_T_v150.xml</File>
				</SerialNumber>
				<SerialNumber opt = "DS-6408HD-T">
				<!--DS-6408HD-T-->
					<File>6408HD_T_v150.xml</File>
				</SerialNumber>
				<File>DECODER_DEFAULT.xml</File>
			</SoftwareVersion>
			<File>DECODER_DEFAULT.xml</File>
		</DeviceType>
		
		<DeviceType opt = "28">
		<!--DS6401HD-->
			<SoftwareVersion opt = "v300,v310,v320">
				<SerialNumber opt = "DS-6401HD">
				<!--DS-6401HD-->
					<File>6401HD_v310.xml</File>
				</SerialNumber>
				<File>DECODER_DEFAULT.xml</File>
			</SoftwareVersion>
			<File>DECODER_DEFAULT.xml</File>
		</DeviceType>
		
		<DeviceType opt = "161">
		<!--DS-C10H-->
			<SoftwareVersion opt = "v20">
				<SerialNumber opt = "DS-C10H-S06,DS-C10H-S13">
				<!--DS-C10H-S06,DS-C10H-S13-->
					<File>C10H_v20.xml</File>
				</SerialNumber>
				<File>DECODER_DEFAULT.xml</File>
			</SoftwareVersion>
			<File>DECODER_DEFAULT.xml</File>
		</DeviceType>

    <DeviceType opt = "205">
      <!--DS_66XXHFH-->
      <SoftwareVersion opt = "v10">
        <SerialNumber opt = "DS-6601HFH">
          <!--DS-6601HFH-->
          <File>6601HFH_v10.xml</File>
        </SerialNumber>
        <File>DVR_DEFAULT.xml</File>
      </SoftwareVersion>
      <File>DVR_DEFAULT.xml</File>
    </DeviceType>
    
   <DeviceType opt = "185">
      <!--DS81XXHW_S-->
      <SoftwareVersion opt = "v20">
        <SerialNumber opt = "DS-8104HW-S">
          <!--DS-8104HW-S-->
          <File>8104HW_S_v20.xml</File>
        </SerialNumber>
        <SerialNumber opt = "DS-8108HW-S">
          <!--DS-8104HW-S-->
          <File>8108HW_S_v20.xml</File>
        </SerialNumber>
        <File>DVR_DEFAULT.xml</File>
      </SoftwareVersion>
      <File>DVR_DEFAULT.xml</File>
    </DeviceType>
    
    <DeviceType opt = "703">
      <!--DS_65XXD-->
      <SoftwareVersion opt = "v100">
        <SerialNumber opt = "DS-6504D">
          <!--DS-6504D-->
          <File>6504D_v100.xml</File>
        </SerialNumber>
        <SerialNumber opt = "DS-6508D">
          <!--DS-6508D-->
          <File>6508D_v100.xml</File>
        </SerialNumber>                
        <File>DECODER_DEFAULT.xml</File>
      </SoftwareVersion>
      <File>DECODER_DEFAULT.xml</File>
    </DeviceType>
    
    <DeviceType opt = "704">
      <!--DS63XXD_T-->
      <SoftwareVersion opt = "v100">
        <SerialNumber opt = "DS-6304D-T">
          <!--DS-6304D-T-->
          <File>6304D_T_v100.xml</File>
        </SerialNumber>
        <SerialNumber opt = "DS-6308D-T">
          <!--DS-6308D-T-->
          <File>6308D_T_v100.xml</File>
        </SerialNumber>
        <SerialNumber opt = "DS-6316D-T">
          <!--DS-6316D-T-->
          <File>6316D_T_v100.xml</File>
        </SerialNumber>        
        <File>DECODER_DEFAULT.xml</File>
      </SoftwareVersion>
      <File>DECODER_DEFAULT.xml</File>
    </DeviceType>
    
    <DeviceType opt = "706">
      <!--DS_64XXHD_S-->
      <SoftwareVersion opt = "v100">
        <SerialNumber opt = "DS-6404HD-S">
          <!--DS-6404HD-S-->
          <File>6404HD_S_v100.xml</File>
        </SerialNumber>
        <SerialNumber opt = "DS-6408HD-S">
          <!--DS-6408HD-S-->
          <File>6408HD_S_v100.xml</File>
        </SerialNumber>                
        <File>DECODER_DEFAULT.xml</File>
      </SoftwareVersion>
      <File>DECODER_DEFAULT.xml</File>
    </DeviceType>
	
	<DeviceType opt = "73">
      <!--DS-73XXHI-S-->
      <SoftwareVersion opt = "v325">
          <File>7316HI_S_v3_2_5.xml</File>
      </SoftwareVersion>
      <File>DVR_DEFAULT.xml</File>
    </DeviceType>
    <File>DVR_DEFAULT.xml</File>
	
	</DeviceList>