<?xml version="1.0" encoding="UTF-8"?>
<DecviceAbility version="2.0"><BasicCapability version="2.0"><HardwareCapability><HardwareVersion>0x0</HardwareVersion><AlarmInPortNum>1</AlarmInPortNum><AlarmOutPortNum>1</AlarmOutPortNum><RS232Num>1</RS232Num><RS485Num>1</RS485Num><NetworkPortNum>1</NetworkPortNum><USBNum>1</USBNum><FlashSize>16</FlashSize><RamSize>256</RamSize><USBVersion>2.0</USBVersion><SDNum>1</SDNum><AudioInNum>1</AudioInNum><VideoOutNum>1</VideoOutNum><AudioOutNum>1</AudioOutNum><AudioTalkNum>1</AudioTalkNum><SDSupport>1</SDSupport><POESupport>1</POESupport><ResetSupport>1</ResetSupport></HardwareCapability><SoftwareCapability><NewHdNo>1</NewHdNo><MaxNetworkHDNum>8</MaxNetworkHDNum><NasSupport>1</NasSupport><NasNumber>8</NasNumber><ShowStringNumber>4</ShowStringNumber><MotionDetectAlarmSupport>1</MotionDetectAlarmSupport><HideAlarmSupport>1</HideAlarmSupport><ShelterSupport>1</ShelterSupport><RtspSupport>1</RtspSupport><RtpoverRtspSupport>1</RtpoverRtspSupport><RtspoverHttpSupport>1</RtspoverHttpSupport><NtpSupport>1</NtpSupport><EptzSupport>1</EptzSupport><PtzSupport>1</PtzSupport><DDNSSupport>1</DDNSSupport><DDNSHostType>0,1,2,3</DDNSHostType><MultipleStreamSupport>1</MultipleStreamSupport><SubStreamSupport>1</SubStreamSupport><EmailSupport>1</EmailSupport><MaxLoginNum>24</MaxLoginNum><MaxPreviewNum>6</MaxPreviewNum><MaxPlayBackNum>18</MaxPlayBackNum><MaxChanLinkNum>6</MaxChanLinkNum><RS232Config>1</RS232Config><PPPoEConfig>1</PPPoEConfig><NotSupportDiskQuota>1</NotSupportDiskQuota><SingleStorageMaxCap>16</SingleStorageMaxCap><NeedReboot><RS232workModeChange>1</RS232workModeChange><NetPortChange>1</NetPortChange><RtspPortChange>1</RtspPortChange><DhcpEnableChange>1</DhcpEnableChange><HttpPortChange>1</HttpPortChange><PPPoEChange>1</PPPoEChange><VideoEncodeTypeChange>1</VideoEncodeTypeChange><AudioEncodeTypeChange>1</AudioEncodeTypeChange><StandardTypeChange>1</StandardTypeChange><DehazeEnableChange>1</DehazeEnableChange><LineCodingEnableChange>1</LineCodingEnableChange></NeedReboot></SoftwareCapability></BasicCapability><CAMERAPARA version="2.0"><ChannelList><ChannelEntry><ChannelNumber>1</ChannelNumber><PowerLineFrequencyMode><Range>0,1</Range><Default>0</Default></PowerLineFrequencyMode><WhiteBalance><WhiteBalanceMode><Range>1,2,3,4,5,6,7,8,9,10,11,12,13,14,15,16</Range><Default>1</Default></WhiteBalanceMode><WhiteBalanceModeRGain><Min>0</Min><Max>255</Max><Default>100</Default></WhiteBalanceModeRGain><WhiteBalanceModeBGain><Min>0</Min><Max>255</Max><Default>100</Default></WhiteBalanceModeBGain></WhiteBalance><Exposure><ExposureMode><Range>0,1</Range><Default>0</Default></ExposureMode><ExposureSet><Range>0,1,2,3,4,5,6,7,8,9,10,11,12,13,14</Range></ExposureSet><exposureUSERSET><Min>0</Min><Max>40000</Max><Default>20000</Default></exposureUSERSET><ExposureTarget><Min>0</Min><Max>2000000</Max><Default>1000000</Default></ExposureTarget></Exposure><IrisMode><Range>0,1</Range><Default>1</Default></IrisMode><AutoApertureLevel><Min>0</Min><Max>15</Max><Default>7</Default></AutoApertureLevel><GainLevel><Min>0</Min><Max>100</Max><Default>50</Default></GainLevel><BrightnessLevel><Min>0</Min><Max>100</Max><Default>50</Default></BrightnessLevel><ContrastLevel><Min>0</Min><Max>100</Max><Default>50</Default></ContrastLevel><SharpnessLevel><Min>0</Min><Max>100</Max><Default>50</Default></SharpnessLevel><SaturationLevel><Min>0</Min><Max>100</Max><Default>50</Default></SaturationLevel><HueLevel><Min>0</Min><Max>100</Max><Default>50</Default></HueLevel><GammaCorrection><GammaCorrectionEnabled><Range>0,1</Range><Default>0</Default></GammaCorrectionEnabled><GammaCorrectionLevel><Min>0</Min><Max>100</Max><Default>50</Default></GammaCorrectionLevel></GammaCorrection><WDR><WDREnabled><Range>0,1,2</Range><Default>0</Default></WDREnabled><WDRLevel1><Min>0</Min><Max>0xf</Max><Default>0</Default></WDRLevel1><WDRLevel2><Min>0</Min><Max>0xf</Max><Default>0</Default></WDRLevel2><WDRContrastLevel><Min>0</Min><Max>100</Max><Default>50</Default></WDRContrastLevel></WDR><DayNightFilter><DayNightFilterType><Range>0,1,2</Range><Default>2</Default></DayNightFilterType><SwitchSchedule><SwitchScheduleEnabled><Range>0,1,2</Range><Default>2</Default></SwitchScheduleEnabled><DayToNightFilterLevel><Range>0,1,2,3,4,5,6,7,8,9,10,11,12</Range><Default>3</Default></DayToNightFilterLevel><NightToDayFilterLevel><Range>0,1,2,3,4,5,6,7,8,9,10,11,12</Range><Default>3</Default></NightToDayFilterLevel><DayNightFilterTime><Min>10</Min><Max>120</Max><Default>55</Default></DayNightFilterTime><NightDayFilterTime><Min>0</Min><Max>120</Max><Default>55</Default></NightDayFilterTime></SwitchSchedule></DayNightFilter><Backlight><BacklightMode><Range>0,1,2,3,4,5,6,7,8,9,10,11,12</Range><Default>0</Default></BacklightMode><BacklightLevel><Min>0</Min><Max>0xf</Max><Default>0</Default></BacklightLevel></Backlight><CameraResetSupport><Range>1</Range></CameraResetSupport><CameraRestoreSupport><Range>1</Range></CameraRestoreSupport><Mirror><Range>0,1,2,3</Range><Default>0</Default></Mirror><EPTZ><Range>1</Range></EPTZ><LOCALOUTPUT><Range>0,1,10,11,12,13,20,21,22,23,24,25,26,27,28</Range></LOCALOUTPUT><DigitalNoiseReduction><DigitalNoiseReductionEnable><Range>0,1,2,3,4,5,6,7,8,9,10</Range><Default>0</Default></DigitalNoiseReductionEnable><DigitalNoiseReductionLevel><Min>0</Min><Max>100</Max><Default>50</Default></DigitalNoiseReductionLevel><DigitalNoiseSpectralLevel><Min>0</Min><Max>100</Max><Default>50</Default></DigitalNoiseSpectralLevel><DigitalNoiseTemporalLevel><Min>0</Min><Max>100</Max><Default>50</Default></DigitalNoiseTemporalLevel></DigitalNoiseReduction><SceneMode><Range>0,1</Range><Default>0</Default></SceneMode><ColorRange><Range>0,1</Range><Default>0</Default></ColorRange><DigitalZoom><Range>0,1,2</Range><Default>0</Default></DigitalZoom><DeadPixelDetect><Range>1</Range></DeadPixelDetect><LINEENCODE><Range>1</Range></LINEENCODE><OnepushFocus>1</OnepushFocus><DimmerMode><Range>0,1</Range><Default>0</Default></DimmerMode><PaletteMode><Range>0,1,2,3,4,5,6,7,8</Range><Default>0</Default></PaletteMode><EnhancedMode><Range>0,1,2,3,4</Range><Default>0</Default></EnhancedMode><FilterSwitch><Range>1</Range></FilterSwitch><FocusSpeed><Min>0</Min><Max>10</Max><Default>5</Default></FocusSpeed><AutoCompensationInterval><Min>0</Min><Max>120</Max><Default>60</Default></AutoCompensationInterval></ChannelEntry></ChannelList></CAMERAPARA><AudioVideoCompressInfo version="2.0"><AudioCompressInfo><Audio><ChannelList><ChannelEntry><ChannelNumber>1</ChannelNumber><MainAudioEncodeType><Range>1</Range></MainAudioEncodeType><SubAudioEncodeType><Range>1</Range></SubAudioEncodeType><EventAudioEncodeType><Range>1</Range></EventAudioEncodeType><AudioInType><Range>0,1</Range></AudioInType></ChannelEntry></ChannelList></Audio><VoiceTalk><ChannelList><ChannelEntry><ChannelNumber>1</ChannelNumber><VoiceTalkEncodeType><Range>1</Range></VoiceTalkEncodeType><VoiceTalkInType><Range>0,1</Range></VoiceTalkInType></ChannelEntry></ChannelList></VoiceTalk></AudioCompressInfo><VideoCompressInfo><ChannelList><ChannelEntry><ChannelNumber>1</ChannelNumber><MainChannel><VideoEncodeType><Range>1,7</Range></VideoEncodeType><VideoEncodeEfficiency><Range>0,1,2</Range></VideoEncodeEfficiency><VideoResolutionList><VideoResolutionEntry><Index>0</Index><Name>DCIF</Name><Resolution>528*384</Resolution><VideoFrameRate>0,1,2,3,4,5,6,7,8,9,10,11,12,13,14,15,16</VideoFrameRate><VideoBitrate><Min>32</Min><Max>16384</Max></VideoBitrate></VideoResolutionEntry><VideoResolutionEntry><Index>1</Index><Name>CIF</Name><Resolution>352*288</Resolution><VideoFrameRate>0,1,2,3,4,5,6,7,8,9,10,11,12,13,14,15,16</VideoFrameRate><VideoBitrate><Min>32</Min><Max>16384</Max></VideoBitrate></VideoResolutionEntry><VideoResolutionEntry><Index>2</Index><Name>QCIF</Name><Resolution>172*144</Resolution><VideoFrameRate>0,1,2,3,4,5,6,7,8,9,10,11,12,13,14,15,16</VideoFrameRate><VideoBitrate><Min>32</Min><Max>16384</Max></VideoBitrate></VideoResolutionEntry><VideoResolutionEntry><Index>3</Index><Name>4CIF</Name><Resolution>704*576</Resolution><VideoFrameRate>0,1,2,3,4,5,6,7,8,9,10,11,12,13,14,15,16</VideoFrameRate><VideoBitrate><Min>32</Min><Max>16384</Max></VideoBitrate></VideoResolutionEntry><VideoResolutionEntry><Index>4</Index><Name>2CIF</Name><Resolution>704*288</Resolution><VideoFrameRate>0,1,2,3,4,5,6,7,8,9,10,11,12,13,14,15,16</VideoFrameRate><VideoBitrate><Min>32</Min><Max>16384</Max></VideoBitrate></VideoResolutionEntry><VideoResolutionEntry><Index>6</Index><Name>QVGA</Name><Resolution>320*240</Resolution><VideoFrameRate>0,1,2,3,4,5,6,7,8,9,10,11,12,13,14,15,16</VideoFrameRate><VideoBitrate><Min>32</Min><Max>16384</Max></VideoBitrate></VideoResolutionEntry><VideoResolutionEntry><Index>12</Index><Name>384*288</Name><Resolution>384*288</Resolution><VideoFrameRate>0,1,2,3,4,5,6,7,8,9,10,11,12,13,14,15,16</VideoFrameRate><VideoBitrate><Min>32</Min><Max>16384</Max></VideoBitrate></VideoResolutionEntry><VideoResolutionEntry><Index>16</Index><Name>VGA</Name><Resolution>640*480</Resolution><VideoFrameRate>0,1,2,3,4,5,6,7,8,9,10,11,12,13,14,15,16</VideoFrameRate><VideoBitrate><Min>32</Min><Max>16384</Max></VideoBitrate></VideoResolutionEntry><VideoResolutionEntry><Index>17</Index><Name>UXGA</Name><Resolution>1600*1200</Resolution><VideoFrameRate>0,1,2,3,4,5,6,7,8,9,10,11,12,13,14,15,16</VideoFrameRate><VideoBitrate><Min>32</Min><Max>16384</Max></VideoBitrate></VideoResolutionEntry><VideoResolutionEntry><Index>18</Index><Name>SVGA</Name><Resolution>800*600</Resolution><VideoFrameRate>0,1,2,3,4,5,6,7,8,9,10,11,12,13,14,15,16</VideoFrameRate><VideoBitrate><Min>32</Min><Max>16384</Max></VideoBitrate></VideoResolutionEntry><VideoResolutionEntry><Index>19</Index><Name>HD720p</Name><Resolution>1280*720</Resolution><VideoFrameRate>0,1,2,3,4,5,6,7,8,9,10,11,12,13,14,15,16</VideoFrameRate><VideoBitrate><Min>32</Min><Max>16384</Max></VideoBitrate></VideoResolutionEntry><VideoResolutionEntry><Index>20</Index><Name>XVGA</Name><Resolution>1280*960</Resolution><VideoFrameRate>0,1,2,3,4,5,6,7,8,9,10,11,12,13,14,15,16</VideoFrameRate><VideoBitrate><Min>32</Min><Max>16384</Max></VideoBitrate></VideoResolutionEntry><VideoResolutionEntry><Index>21</Index><Name>HD900p</Name><Resolution>1600*912</Resolution><VideoFrameRate>0,1,2,3,4,5,6,7,8,9,10,11,12,13,14,15,16</VideoFrameRate><VideoBitrate><Min>32</Min><Max>16384</Max></VideoBitrate></VideoResolutionEntry><VideoResolutionEntry><Index>22</Index><Name>SXGAp</Name><Resolution>1280*960</Resolution><VideoFrameRate>0,1,2,3,4,5,6,7,8,9,10,11,12,13,14,15,16</VideoFrameRate><VideoBitrate><Min>32</Min><Max>16384</Max></VideoBitrate></VideoResolutionEntry><VideoResolutionEntry><Index>27</Index><Name>1920*1080</Name><Resolution>1920*1080</Resolution><VideoFrameRate>0,1,2,3,4,5,6,7,8,9,10,11,12,13,14,15,16</VideoFrameRate><VideoBitrate><Min>32</Min><Max>16384</Max></VideoBitrate></VideoResolutionEntry><VideoResolutionEntry><Index>28</Index><Name>2560*1920</Name><Resolution>2560*1920</Resolution><VideoFrameRate>0,1,2,3,4,5,6,7,8,9,10,11,12,13,14,15,16</VideoFrameRate><VideoBitrate><Min>32</Min><Max>16384</Max></VideoBitrate></VideoResolutionEntry><VideoResolutionEntry><Index>29</Index><Name>1600*304</Name><Resolution>1600*304</Resolution><VideoFrameRate>0,1,2,3,4,5,6,7,8,9,10,11,12,13,14,15,16</VideoFrameRate><VideoBitrate><Min>32</Min><Max>16384</Max></VideoBitrate></VideoResolutionEntry><VideoResolutionEntry><Index>30</Index><Name>2048*1536</Name><Resolution>2048*1536</Resolution><VideoFrameRate>0,1,2,3,4,5,6,7,8,9,10,11,12,13,14,15,16</VideoFrameRate><VideoBitrate><Min>32</Min><Max>16384</Max></VideoBitrate></VideoResolutionEntry><VideoResolutionEntry><Index>31</Index><Name>2448*2048</Name><Resolution>2448*2048</Resolution><VideoFrameRate>0,1,2,3,4,5,6,7,8,9,10,11,12,13,14,15,16</VideoFrameRate><VideoBitrate><Min>32</Min><Max>16384</Max></VideoBitrate></VideoResolutionEntry><VideoResolutionEntry><Index>32</Index><Name>2448*1200</Name><Resolution>2448*1200</Resolution><VideoFrameRate>0,1,2,3,4,5,6,7,8,9,10,11,12,13,14,15,16</VideoFrameRate><VideoBitrate><Min>32</Min><Max>16384</Max></VideoBitrate></VideoResolutionEntry><VideoResolutionEntry><Index>33</Index><Name>2448*800</Name><Resolution>2448*800</Resolution><VideoFrameRate>0,1,2,3,4,5,6,7,8,9,10,11,12,13,14,15,16</VideoFrameRate><VideoBitrate><Min>32</Min><Max>16384</Max></VideoBitrate></VideoResolutionEntry><VideoResolutionEntry><Index>34</Index><Name>XGA</Name><Resolution>1024*768</Resolution><VideoFrameRate>0,1,2,3,4,5,6,7,8,9,10,11,12,13,14,15,16</VideoFrameRate><VideoBitrate><Min>32</Min><Max>16384</Max></VideoBitrate></VideoResolutionEntry><VideoResolutionEntry><Index>35</Index><Name>SXGA</Name><Resolution>1280*1024</Resolution><VideoFrameRate>0,1,2,3,4,5,6,7,8,9,10,11,12,13,14,15,16</VideoFrameRate><VideoBitrate><Min>32</Min><Max>16384</Max></VideoBitrate></VideoResolutionEntry><VideoResolutionEntry><Index>36</Index><Name>WD1</Name><Resolution>960*576</Resolution><VideoFrameRate>0,1,2,3,4,5,6,7,8,9,10,11,12,13,14,15,16</VideoFrameRate><VideoBitrate><Min>32</Min><Max>16384</Max></VideoBitrate></VideoResolutionEntry><VideoResolutionEntry><Index>37</Index><Name>1080i</Name><Resolution>1920*1080</Resolution><VideoFrameRate>0,1,2,3,4,5,6,7,8,9,10,11,12,13,14,15,16</VideoFrameRate><VideoBitrate><Min>32</Min><Max>16384</Max></VideoBitrate></VideoResolutionEntry></VideoResolutionList><IntervalBPFrame><Range>0,1,2</Range></IntervalBPFrame><EFrame>0</EFrame></MainChannel><SubChannelList><SubChannelEntry><index>1</index><VideoEncodeType><Range>0,1,2,7</Range></VideoEncodeType><VideoEncodeEfficiency><Range>0,1,2</Range></VideoEncodeEfficiency><VideoResolutionList><VideoResolutionEntry><Index>0</Index><Name>DCIF</Name><Resolution>352*288</Resolution><VideoFrameRate>0,1,2,3,4,5,6,7,8,9,10,11,12,13,14,15,16</VideoFrameRate><VideoBitrate><Min>32</Min><Max>16384</Max></VideoBitrate></VideoResolutionEntry><VideoResolutionEntry><Index>1</Index><Name>CIF</Name><Resolution>352*288</Resolution><VideoFrameRate>0,1,2,3,4,5,6,7,8,9,10,11,12,13,14,15,16</VideoFrameRate><VideoBitrate><Min>32</Min><Max>16384</Max></VideoBitrate></VideoResolutionEntry><VideoResolutionEntry><Index>2</Index><Name>QCIF</Name><Resolution>172*144</Resolution><VideoFrameRate>0,1,2,3,4,5,6,7,8,9,10,11,12,13,14,15,16</VideoFrameRate><VideoBitrate><Min>32</Min><Max>16384</Max></VideoBitrate></VideoResolutionEntry><VideoResolutionEntry><Index>3</Index><Name>4CIF</Name><Resolution>704*576</Resolution><VideoFrameRate>0,1,2,3,4,5,6,7,8,9,10,11,12,13,14,15,16</VideoFrameRate><VideoBitrate><Min>32</Min><Max>16384</Max></VideoBitrate></VideoResolutionEntry><VideoResolutionEntry><Index>4</Index><Name>2CIF</Name><Resolution>704*288</Resolution><VideoFrameRate>0,1,2,3,4,5,6,7,8,9,10,11,12,13,14,15,16</VideoFrameRate><VideoBitrate><Min>32</Min><Max>16384</Max></VideoBitrate></VideoResolutionEntry><VideoResolutionEntry><Index>6</Index><Name>QVGA</Name><Resolution>320*240</Resolution><VideoFrameRate>0,1,2,3,4,5,6,7,8,9,10,11,12,13,14,15,16</VideoFrameRate><VideoBitrate><Min>32</Min><Max>16384</Max></VideoBitrate></VideoResolutionEntry><VideoResolutionEntry><Index>12</Index><Name>384*288</Name><Resolution>384*288</Resolution><VideoFrameRate>0,1,2,3,4,5,6,7,8,9,10,11,12,13,14,15,16</VideoFrameRate><VideoBitrate><Min>32</Min><Max>16384</Max></VideoBitrate></VideoResolutionEntry><VideoResolutionEntry><Index>16</Index><Name>VGA</Name><Resolution>640*480</Resolution><VideoFrameRate>0,1,2,3,4,5,6,7,8,9,10,11,12,13,14,15,16</VideoFrameRate><VideoBitrate><Min>32</Min><Max>16384</Max></VideoBitrate></VideoResolutionEntry><VideoResolutionEntry><Index>17</Index><Name>UXGA</Name><Resolution>1600*1200</Resolution><VideoFrameRate>0,1,2,3,4,5,6,7,8,9,10,11,12,13,14,15,16</VideoFrameRate><VideoBitrate><Min>32</Min><Max>16384</Max></VideoBitrate></VideoResolutionEntry><VideoResolutionEntry><Index>18</Index><Name>SVGA</Name><Resolution>800*600</Resolution><VideoFrameRate>0,1,2,3,4,5,6,7,8,9,10,11,12,13,14,15,16</VideoFrameRate><VideoBitrate><Min>32</Min><Max>16384</Max></VideoBitrate></VideoResolutionEntry><VideoResolutionEntry><Index>19</Index><Name>HD720p</Name><Resolution>1280*720</Resolution><VideoFrameRate>0,1,2,3,4,5,6,7,8,9,10,11,12,13,14,15,16</VideoFrameRate><VideoBitrate><Min>32</Min><Max>16384</Max></VideoBitrate></VideoResolutionEntry><VideoResolutionEntry><Index>20</Index><Name>XVGA</Name><Resolution>1280*960</Resolution><VideoFrameRate>0,1,2,3,4,5,6,7,8,9,10,11,12,13,14,15,16</VideoFrameRate><VideoBitrate><Min>32</Min><Max>16384</Max></VideoBitrate></VideoResolutionEntry><VideoResolutionEntry><Index>21</Index><Name>HD900p</Name><Resolution>1600*912</Resolution><VideoFrameRate>0,1,2,3,4,5,6,7,8,9,10,11,12,13,14,15,16</VideoFrameRate><VideoBitrate><Min>32</Min><Max>16384</Max></VideoBitrate></VideoResolutionEntry><VideoResolutionEntry><Index>22</Index><Name>SXGAp</Name><Resolution>1280*960</Resolution><VideoFrameRate>0,1,2,3,4,5,6,7,8,9,10,11,12,13,14,15,16</VideoFrameRate><VideoBitrate><Min>32</Min><Max>16384</Max></VideoBitrate></VideoResolutionEntry><VideoResolutionEntry><Index>27</Index><Name>1920*1080</Name><Resolution>1920*1080</Resolution><VideoFrameRate>0,1,2,3,4,5,6,7,8,9,10,11,12,13,14,15,16</VideoFrameRate><VideoBitrate><Min>32</Min><Max>16384</Max></VideoBitrate></VideoResolutionEntry><VideoResolutionEntry><Index>28</Index><Name>2560*1920</Name><Resolution>2560*1920</Resolution><VideoFrameRate>0,1,2,3,4,5,6,7,8,9,10,11,12,13,14,15,16</VideoFrameRate><VideoBitrate><Min>32</Min><Max>16384</Max></VideoBitrate></VideoResolutionEntry><VideoResolutionEntry><Index>29</Index><Name>1600*304</Name><Resolution>1600*304</Resolution><VideoFrameRate>0,1,2,3,4,5,6,7,8,9,10,11,12,13,14,15,16</VideoFrameRate><VideoBitrate><Min>32</Min><Max>16384</Max></VideoBitrate></VideoResolutionEntry><VideoResolutionEntry><Index>30</Index><Name>2048*1536</Name><Resolution>2048*1536</Resolution><VideoFrameRate>0,1,2,3,4,5,6,7,8,9,10,11,12,13,14,15,16</VideoFrameRate><VideoBitrate><Min>32</Min><Max>16384</Max></VideoBitrate></VideoResolutionEntry><VideoResolutionEntry><Index>31</Index><Name>2448*2048</Name><Resolution>2448*2048</Resolution><VideoFrameRate>0,1,2,3,4,5,6,7,8,9,10,11,12,13,14,15,16</VideoFrameRate><VideoBitrate><Min>32</Min><Max>16384</Max></VideoBitrate></VideoResolutionEntry><VideoResolutionEntry><Index>32</Index><Name>2448*1200</Name><Resolution>2448*1200</Resolution><VideoFrameRate>0,1,2,3,4,5,6,7,8,9,10,11,12,13,14,15,16</VideoFrameRate><VideoBitrate><Min>32</Min><Max>16384</Max></VideoBitrate></VideoResolutionEntry><VideoResolutionEntry><Index>33</Index><Name>2448*800</Name><Resolution>2448*800</Resolution><VideoFrameRate>0,1,2,3,4,5,6,7,8,9,10,11,12,13,14,15,16</VideoFrameRate><VideoBitrate><Min>32</Min><Max>16384</Max></VideoBitrate></VideoResolutionEntry><VideoResolutionEntry><Index>34</Index><Name>XGA</Name><Resolution>1024*768</Resolution><VideoFrameRate>0,1,2,3,4,5,6,7,8,9,10,11,12,13,14,15,16</VideoFrameRate><VideoBitrate><Min>32</Min><Max>16384</Max></VideoBitrate></VideoResolutionEntry><VideoResolutionEntry><Index>35</Index><Name>SXGA</Name><Resolution>1280*1024</Resolution><VideoFrameRate>0,1,2,3,4,5,6,7,8,9,10,11,12,13,14,15,16</VideoFrameRate><VideoBitrate><Min>32</Min><Max>16384</Max></VideoBitrate></VideoResolutionEntry><VideoResolutionEntry><Index>36</Index><Name>WD1</Name><Resolution>960*576</Resolution><VideoFrameRate>0,1,2,3,4,5,6,7,8,9,10,11,12,13,14,15,16</VideoFrameRate><VideoBitrate><Min>32</Min><Max>16384</Max></VideoBitrate></VideoResolutionEntry><VideoResolutionEntry><Index>36</Index><Name>1080i</Name><Resolution>1920*1080</Resolution><VideoFrameRate>0,1,2,3,4,5,6,7,8,9,10,11,12,13,14,15,16</VideoFrameRate><VideoBitrate><Min>32</Min><Max>16384</Max></VideoBitrate></VideoResolutionEntry></VideoResolutionList><IntervalBPFrame><Range>0,1,2</Range></IntervalBPFrame></SubChannelEntry></SubChannelList></ChannelEntry></ChannelList></VideoCompressInfo></AudioVideoCompressInfo><SerialAbility version="2.0"><RS232><RS232Num>1</RS232Num><RS232Entry><baudRate opt="50,75,110,150,300,600,1200,2400,4800,9600,19200,38400,57600,76800,115.2k"/><dataBit opt="5,6,7,8"/><stopBit opt="1,2"/><parity opt="none,odd,even"/><flowcontrol opt="none,hard,soft"/><workMode opt="narrowBand,console,transparentChan"/></RS232Entry></RS232><RS485><RS485Num>1</RS485Num><RS485Entry><baudRate opt="50,75,110,150,300,600,1200,2400,4800,9600,19200,38400,57600,76800,115.2k"/><dataBit opt="5,6,7,8"/><stopBit opt="1,2"/><parity opt="none,odd,even"/><flowcontrol opt="none,hard,soft"/><decoderAddress min="0" max="255"/></RS485Entry></RS485></SerialAbility><UserAbility version="2.0"><userNum>16</userNum><userNameLength min="1" max="32"/><userPasswordLength min="1" max="16"/><RemotePermission><permissionType opt="preview, voiceTalk, alarmOutOrUpload, transParentChannel, contorlLocalOut,PTZControl,record,playback,parameterConfig,logOrStateCheck,restartOrShutdown,upgrade"/></RemotePermission><UserNet><IPV4Address>true</IPV4Address><IPV6Address>true</IPV6Address><MACAddress>true</MACAddress></UserNet><ViewerDefaultPermission><RemotePermission><permissionType opt="preview, voiceTalk,  contorlLocalOut,playback,logOrStateCheck"/></RemotePermission></ViewerDefaultPermission><OperatorDefaultPermission><RemotePermission><permissionType opt="preview, voiceTalk, alarmOutOrUpload, transParentChannel, contorlLocalOut,PTZControl,record,playback,parameterConfig,logOrStateCheck,restartOrShutdown,upgrade"/></RemotePermission></OperatorDefaultPermission></UserAbility><NetAppAbility version="2.0"><NTP><intervalUnit>minute</intervalUnit></NTP><Net><NetworkInterface><networkInterfaceNum>1</networkInterfaceNum><NetworkInterfaceEntry><id>1</id><type opt="10Mbase-T,10MBase-T-full,100MBase-TX,100M-full,10M/100M/1000M-adapt"/><MTU min="500" max="1500"/></NetworkInterfaceEntry></NetworkInterface><multicastIpAddr opt="IPV4"/></Net><Email><receiverNum>3</receiverNum></Email></NetAppAbility><VideoPicAbility version="2.0"><channelNO>1</channelNO><OSD><ChannelName><enabled>true</enabled></ChannelName><Week><enabled>true</enabled></Week><OSDType opt="xxxx-xx-xxYMD,xx-xx-xxxxMDY,xxxxYxxMxxD,xxMxxDxxxxY,xx-xx-xxxxDMY,xxDxxMxxxxY"/><OSDAttrib opt="1,2,3,4"/><OSDHourType opt="24Hour,12Hour"/></OSD><MotionDetection><regionType opt="grid"/><Grid><VideoFormatP><rowGranularity>18</rowGranularity><columnGranularity>22</columnGranularity></VideoFormatP><VideoFormatN><rowGranularity>15</rowGranularity><columnGranularity>22</columnGranularity></VideoFormatN></Grid><sensitivityLevel min="0" max="5"/><alarmTime>4</alarmTime><alarmHandleType opt="center,alarmout"/></MotionDetection><VILostDetection><alarmTime>4</alarmTime><alarmHandleType opt="center,alarmout"/></VILostDetection><HideDetection><HideAreaNum>1</HideAreaNum><HideArea><id>1</id><PAL><AreaX min="0" max="704"/><AreaY min="0" max="576"/></PAL><NTSC><AreaX min="0" max="704"/><AreaY min="0" max="480"/></NTSC></HideArea><sensitivity opt="none,low,middle,high"/><alarmTime>4</alarmTime><alarmHandleType opt="monitor,audio,center,alarmout,picture,wirelesslight"/></HideDetection><PrivacyMask><PrivacyMaskAreaNum>1</PrivacyMaskAreaNum><PrivacyMaskArea><id>1</id><PAL><AreaX min="0" max="704"/><AreaY min="0" max="567"/></PAL><NTSC><AreaX min="0" max="704"/><AreaY min="0" max="480"/></NTSC></PrivacyMaskArea></PrivacyMask></VideoPicAbility></DecviceAbility>
