<?xml version="1.0" encoding="UTF-8"?>
<DecviceAbility version="2.0"><BasicCapability version="2.0"><HardwareCapability><HardwareVersion>0x0</HardwareVersion><AlarmInPortNum>2</AlarmInPortNum><AlarmOutPortNum>2</AlarmOutPortNum><RS485Num>1</RS485Num><NetworkPortNum>1</NetworkPortNum><FlashSize>16</FlashSize><RamSize>256</RamSize><SDNum>1</SDNum><AudioInNum>1</AudioInNum><VideoOutNum>1</VideoOutNum><AudioOutNum>1</AudioOutNum><AudioTalkNum>1</AudioTalkNum><SDSupport>1</SDSupport><VideoOutSupport>1</VideoOutSupport><ResetSupport>1</ResetSupport><AnalogChannelNum>1</AnalogChannelNum><CVBSNumber>1</CVBSNumber></HardwareCapability><SoftwareCapability><NewHdNo>1</NewHdNo><MaxNetworkHDNum>1</MaxNetworkHDNum><NasSupport>1</NasSupport><NasNumber>1</NasNumber><ShowStringNumber>4</ShowStringNumber><MotionDetectAlarmSupport>1</MotionDetectAlarmSupport><VILostAlarmSupport>1</VILostAlarmSupport><HideAlarmSupport>1</HideAlarmSupport><ShelterSupport>1</ShelterSupport><RtspSupport>1</RtspSupport><RtpoverRtspSupport>1</RtpoverRtspSupport><NtpSupport>1</NtpSupport><PtzSupport>1</PtzSupport><DDNSSupport>1</DDNSSupport><DDNSHostType>0,1,2</DDNSHostType><SNMPSupport>1</SNMPSupport><SNMPVersion>1,2,3</SNMPVersion><MultipleStreamSupport>1</MultipleStreamSupport><SubStreamSupport>1</SubStreamSupport><EmailSupport>1</EmailSupport><SADPVersion>0</SADPVersion><MaxLoginNum>16</MaxLoginNum><MaxPreviewNum>6</MaxPreviewNum><MaxPlayBackNum>6</MaxPlayBackNum><MaxChanLinkNum>6</MaxChanLinkNum><ShutDownSupport>1</ShutDownSupport><FrameFreezeSupport>1</FrameFreezeSupport><PPPoEConfig>1</PPPoEConfig><UploadFTP>1</UploadFTP><NotSupportDiskQuota>1</NotSupportDiskQuota><SingleStorageMaxCap>16</SingleStorageMaxCap><NeedReboot><NetPortChange>1</NetPortChange><RtspPortChange>1</RtspPortChange><DhcpEnableChange>1</DhcpEnableChange><HttpPortChange>1</HttpPortChange><PPPoEChange>1</PPPoEChange><NetMultiCastIPChange>1</NetMultiCastIPChange><RecordTimeChange>1</RecordTimeChange><VideoEncodeTypeChange>1</VideoEncodeTypeChange><AudioEncodeTypeChange>1</AudioEncodeTypeChange></NeedReboot></SoftwareCapability></BasicCapability><CAMERAPARA version="2.0"><ChannelList><ChannelEntry><ChannelNumber>1</ChannelNumber><PowerLineFrequencyMode><Range>0,1</Range><Default>0</Default></PowerLineFrequencyMode><WhiteBalance><WhiteBalanceMode><Range>1,2,3,4,5,6,7,8,9,10,11,12,13,14,15,16</Range><Default>1</Default></WhiteBalanceMode><WhiteBalanceModeRGain><Min>0</Min><Max>255</Max><Default>100</Default></WhiteBalanceModeRGain><WhiteBalanceModeBGain><Min>0</Min><Max>255</Max><Default>100</Default></WhiteBalanceModeBGain></WhiteBalance><Exposure><ExposureMode><Range>0,1</Range><Default>0</Default></ExposureMode><ExposureSet><Range>0,1,2,3,4,5,6,7,8,9,10,11,12,13,14</Range></ExposureSet><exposureUSERSET><Min>0</Min><Max>40000</Max><Default>20000</Default></exposureUSERSET><ExposureTarget><Min>0</Min><Max>2000000</Max><Default>1000000</Default></ExposureTarget></Exposure><IrisMode><Range>0,1</Range><Default>1</Default></IrisMode><AutoApertureLevel><Min>0</Min><Max>15</Max><Default>7</Default></AutoApertureLevel><GainLevel><Min>0</Min><Max>100</Max><Default>50</Default></GainLevel><BrightnessLevel><Min>0</Min><Max>100</Max><Default>50</Default></BrightnessLevel><ContrastLevel><Min>0</Min><Max>100</Max><Default>50</Default></ContrastLevel><SharpnessLevel><Min>0</Min><Max>100</Max><Default>50</Default></SharpnessLevel><HorizonAperture><Min>1</Min><Max>64</Max><Default>10</Default></HorizonAperture><VerticalAperture><Min>1</Min><Max>64</Max><Default>10</Default></VerticalAperture><ChromaSuppress><Min>0</Min><Max>100</Max><Default>50</Default></ChromaSuppress><SaturationLevel><Min>0</Min><Max>100</Max><Default>50</Default></SaturationLevel><HueLevel><Min>0</Min><Max>100</Max><Default>50</Default></HueLevel><GammaCorrection><GammaCorrectionEnabled><Range>0,1</Range><Default>0</Default></GammaCorrectionEnabled><GammaCorrectionLevel><Min>0</Min><Max>100</Max><Default>50</Default></GammaCorrectionLevel></GammaCorrection><WDR><WDREnabled><Range>0,1,2</Range><Default>0</Default></WDREnabled><WDRLevel1><Min>0</Min><Max>0xf</Max><Default>0</Default></WDRLevel1><WDRLevel2><Min>0</Min><Max>0xf</Max><Default>0</Default></WDRLevel2><WDRContrastLevel><Min>0</Min><Max>100</Max><Default>50</Default></WDRContrastLevel></WDR><DayNightFilter><DayNightFilterType><Range>0,1,2</Range><Default>2</Default></DayNightFilterType><SwitchSchedule><SwitchScheduleEnabled><Range>0,1,2</Range><Default>2</Default></SwitchScheduleEnabled><DayToNightFilterLevel><Range>0,1,2,3,4,5,6,7,8,9,10,11,12</Range><Default>3</Default></DayToNightFilterLevel><NightToDayFilterLevel><Range>0,1,2,3,4,5,6,7,8,9,10,11,12</Range><Default>3</Default></NightToDayFilterLevel><DayNightFilterTime><Min>10</Min><Max>120</Max><Default>55</Default></DayNightFilterTime><NightDayFilterTime><Min>0</Min><Max>120</Max><Default>55</Default></NightDayFilterTime></SwitchSchedule></DayNightFilter><Backlight><BacklightMode><Range>0,1,2,3,4,5,6,7,8,9,10,11,12</Range><Default>0</Default></BacklightMode><BacklightLevel><Min>0</Min><Max>0xf</Max><Default>0</Default></BacklightLevel></Backlight><LowLightLimit><LowLightLimitEnabled><Range>0,1</Range><Default>0</Default></LowLightLimitEnabled><LowLightLimitLevel><Range>0,1,2,3,4,5,6,7,8,9,10,11,12,13,14</Range><Default>0</Default></LowLightLimitLevel></LowLightLimit><ImageStabilize><ImageStabilizeLevel><Range>0,1,2</Range><Default>0</Default></ImageStabilizeLevel></ImageStabilize><CameraIRCorrection><Range>0,1,2</Range><Default>0</Default></CameraIRCorrection><HighSensitivitySupport><Range>1</Range></HighSensitivitySupport><InitializeLensSupport><Range>1</Range></InitializeLensSupport><CameraResetSupport><Range>1</Range></CameraResetSupport><CameraRestoreSupport><Range>1</Range></CameraRestoreSupport><Mirror><Range>0,1,2,3</Range><Default>0</Default></Mirror><EPTZ><Range>1</Range></EPTZ><LOCALOUTPUT><Range>0,1,10,11,12,13,20,21,22,23,24,25,26,27,28</Range></LOCALOUTPUT><DigitalNoiseReduction><DigitalNoiseReductionEnable><Range>0,1,2,3,4,5,6,7,8,9,10</Range><Default>0</Default></DigitalNoiseReductionEnable><DigitalNoiseReductionLevel><Min>0</Min><Max>100</Max><Default>50</Default></DigitalNoiseReductionLevel><DigitalNoiseSpectralLevel><Min>0</Min><Max>100</Max><Default>50</Default></DigitalNoiseSpectralLevel><DigitalNoiseTemporalLevel><Min>0</Min><Max>100</Max><Default>50</Default></DigitalNoiseTemporalLevel></DigitalNoiseReduction><SceneMode><Range>0,1</Range><Default>0</Default></SceneMode><ColorRange><Range>0,1</Range><Default>0</Default></ColorRange><DigitalZoom><Range>0,1,2</Range><Default>0</Default></DigitalZoom><DeadPixelDetect><Range>1</Range></DeadPixelDetect><LINEENCODE><Range>1</Range></LINEENCODE><OnepushFocus>1</OnepushFocus><Dehaze><DehazeEnable>0,1</DehazeEnable></Dehaze><DimmerMode><Range>0,1</Range><Default>0</Default></DimmerMode><PaletteMode><Range>0,1,2,3,4,5,6,7,8</Range><Default>0</Default></PaletteMode><EnhancedMode><Range>0,1,2,3,4</Range><Default>0</Default></EnhancedMode><FilterSwitch><Range>1</Range></FilterSwitch><FocusSpeed><Min>0</Min><Max>10</Max><Default>5</Default></FocusSpeed><AutoCompensationInterval><Min>0</Min><Max>120</Max><Default>60</Default></AutoCompensationInterval><AutoFocusMode><FocusModeSet><Range>0,1,2,3</Range><Default>0</Default></FocusModeSet><AFModeChoose><Range>0,1,2,3,4</Range><Default>0</Default></AFModeChoose><MinFocusDistance><Range>0,1,2,3,4,5,6,7,8,9</Range><Default>0</Default></MinFocusDistance><ZoomSpeedLevel><Range>0,1,2,3,4,5,6,7,8,9,10,11,12</Range><Default>0</Default></ZoomSpeedLevel><FocusSpeedLevel><Range>0,1,2</Range><Default>0</Default></FocusSpeedLevel></AutoFocusMode><AutoExposureMode><ExposureSet><Range>0,1,2,3,4</Range><Default>0</Default></ExposureSet><IrisSet><Range>0,1,2,3,4,5,6,7,8,9,10,11,12,13,14,15,16,17,18,19,20,21,22,23,24,25,26,27,28,29,30,31,32,33,34,35,36,37,38,39,40,41,42,43,44,45</Range><Default>0</Default></IrisSet><ShutterSet><Range>0,1,2,3,4,5,6,7,8,9,10,11,12,13,14,15,16,17,18,19,20,21,22,23,24,25,26,27,28,2/9,30,31,32,33,34,35,36,37,38,39,40,41,42,43,44,45,46,47,48,49</Range><Default>0</Default></ShutterSet><GainSet><Range>0,1,2,3,4,5,6,7,8,9,10,11,12,13,14,15,16,17,18,19</Range><Default>0</Default></GainSet><GainLimit><Min>0</Min><Max>0xf</Max><Default>0</Default></GainLimit><ExposureComp><Min>0</Min><Max>100</Max><Default>50</Default></ExposureComp></AutoExposureMode><ZoomPara><ZoomDisplay><Range>0,1</Range><Default>0</Default></ZoomDisplay><ZoomLimit><Min>1</Min><Max>50</Max><Default>1</Default></ZoomLimit><DigitalZoom><Min>1</Min><Max>30</Max><Default>1</Default></DigitalZoom></ZoomPara><SnapExposure><SnapMode><Range>0,1,2</Range><Default>0</Default></SnapMode><SnapGain1><Min>0</Min><Max>100</Max><Default>50</Default></SnapGain1><SnapGain2><Min>0</Min><Max>100</Max><Default>50</Default></SnapGain2></SnapExposure><DynamicContrast><DynamicContrastLevel><Min>0</Min><Max>100</Max><Default>50</Default></DynamicContrastLevel></DynamicContrast></ChannelEntry></ChannelList></CAMERAPARA><AudioVideoCompressInfo version="2.0"><AudioCompressInfo><Audio><ChannelList><ChannelEntry><ChannelNumber>1</ChannelNumber><MainAudioEncodeType><Range>0,1</Range></MainAudioEncodeType><SubAudioEncodeType><Range>0,1</Range></SubAudioEncodeType></ChannelEntry></ChannelList></Audio><VoiceTalk><ChannelList><ChannelEntry><ChannelNumber>1</ChannelNumber><VoiceTalkEncodeType><Range>0,1</Range></VoiceTalkEncodeType></ChannelEntry></ChannelList></VoiceTalk></AudioCompressInfo><VideoCompressInfo><ChannelList><ChannelEntry><ChannelNumber>1</ChannelNumber><MainChannel><VideoEncodeType><Range>0,1</Range></VideoEncodeType><VideoResolutionList><VideoResolutionEntry><Index>0</Index><Name>DCIF</Name><Resolution>528*384</Resolution><VideoFrameRate>0,1,2,3,4,5,6,7,8,9,10,11,12,13,14,15,16</VideoFrameRate><VideoBitrate><Min>32</Min><Max>16384</Max></VideoBitrate></VideoResolutionEntry><VideoResolutionEntry><Index>1</Index><Name>CIF</Name><Resolution>352*288</Resolution><VideoFrameRate>0,1,2,3,4,5,6,7,8,9,10,11,12,13,14,15,16</VideoFrameRate><VideoBitrate><Min>32</Min><Max>16384</Max></VideoBitrate></VideoResolutionEntry><VideoResolutionEntry><Index>2</Index><Name>QCIF</Name><Resolution>176*144</Resolution><VideoFrameRate>0,1,2,3,4,5,6,7,8,9,10,11,12,13,14,15,16</VideoFrameRate><VideoBitrate><Min>32</Min><Max>16384</Max></VideoBitrate></VideoResolutionEntry><VideoResolutionEntry><Index>3</Index><Name>4CIF</Name><Resolution>704*576</Resolution><VideoFrameRate>0,1,2,3,4,5,6,7,8,9,10,11,12,13,14,15,16</VideoFrameRate><VideoBitrate><Min>32</Min><Max>16384</Max></VideoBitrate></VideoResolutionEntry><VideoResolutionEntry><Index>4</Index><Name>2CIF</Name><Resolution>704*288</Resolution><VideoFrameRate>0,1,2,3,4,5,6,7,8,9,10,11,12,13,14,15,16</VideoFrameRate><VideoBitrate><Min>32</Min><Max>16384</Max></VideoBitrate></VideoResolutionEntry><VideoResolutionEntry><Index>19</Index><Name>HD720p</Name><Resolution>1280*720</Resolution><VideoFrameRate>0,1,2,3,4,5,6,7,8,9,10,11,12,13,14,15,16</VideoFrameRate><VideoBitrate><Min>32</Min><Max>16384</Max></VideoBitrate></VideoResolutionEntry><VideoResolutionEntry><Index>20</Index><Name>XVGA</Name><Resolution>1280*960</Resolution><VideoFrameRate>0,1,2,3,4,5,6,7,8,9,10,11,12,13,14,15,16</VideoFrameRate><VideoBitrate><Min>32</Min><Max>16384</Max></VideoBitrate></VideoResolutionEntry></VideoResolutionList><IntervalBPFrame><Range>0,1,2</Range></IntervalBPFrame><EFrame>0</EFrame></MainChannel><SubChannelList><SubChannelEntry><index>1</index><VideoEncodeType><Range>0,1</Range></VideoEncodeType><VideoResolutionList><VideoResolutionEntry><Index>0</Index><Name>DCIF</Name><Resolution>528*384</Resolution><VideoFrameRate>0,1,2,3,4,5,6,7,8,9,10,11,12,13,14,15,16</VideoFrameRate><VideoBitrate><Min>32</Min><Max>16384</Max></VideoBitrate></VideoResolutionEntry><VideoResolutionEntry><Index>1</Index><Name>CIF</Name><Resolution>352*288</Resolution><VideoFrameRate>0,1,2,3,4,5,6,7,8,9,10,11,12,13,14,15,16</VideoFrameRate><VideoBitrate><Min>32</Min><Max>16384</Max></VideoBitrate></VideoResolutionEntry><VideoResolutionEntry><Index>2</Index><Name>QCIF</Name><Resolution>176*144</Resolution><VideoFrameRate>0,1,2,3,4,5,6,7,8,9,10,11,12,13,14,15,16</VideoFrameRate><VideoBitrate><Min>32</Min><Max>16384</Max></VideoBitrate></VideoResolutionEntry><VideoResolutionEntry><Index>3</Index><Name>4CIF</Name><Resolution>704*576</Resolution><VideoFrameRate>0,1,2,3,4,5,6,7,8,9,10,11,12,13,14,15,16</VideoFrameRate><VideoBitrate><Min>32</Min><Max>16384</Max></VideoBitrate></VideoResolutionEntry></VideoResolutionList><IntervalBPFrame><Range>0,1,2</Range></IntervalBPFrame><EFrame>0</EFrame></SubChannelEntry></SubChannelList></ChannelEntry></ChannelList></VideoCompressInfo></AudioVideoCompressInfo><SerialAbility version="2.0"><RS485><RS485Num>1</RS485Num><RS485Entry><baudRate opt="50,75,110,150,300,600,1200,2400,4800,9600,19200,38400,57600,76800,115.2k"/><dataBit opt="5,6,7,8"/><stopBit opt="1,2"/><parity opt="none,odd,even"/><flowcontrol opt="none,hard,soft"/><decoderAddress min="0" max="255"/></RS485Entry></RS485></SerialAbility><UserAbility version="2.0"><userNum>16</userNum><userPriority opt="admin,viewer,operator,none"/><userNameLength min="1" max="32"/><userPasswordLength min="1" max="16"/><LocalPermission><permissionType opt="PTZControl,record,playback,parameterConfig,logOrStateCheck,restartOrShutdown,upgrade,backup"/></LocalPermission><RemotePermission><permissionType opt="preview, voiceTalk, alarmOutOrUpload, transParentChannel, contorlLocalOut,PTZControl,record,playback,parameterConfig,logOrStateCheck,restartOrShutdown,upgrade,backup"/></RemotePermission><UserNet><IPV4Address>true</IPV4Address><IPV6Address>true</IPV6Address><MACAddress>true</MACAddress></UserNet><ViewerDefaultPermission><LocalPermission><permissionType opt="PTZControl,record,playback,parameterConfig,logOrStateCheck,restartOrShutdown,upgrade,backup"/></LocalPermission><RemotePermission><permissionType opt="preview, voiceTalk, alarmOutOrUpload, transParentChannel, contorlLocalOut,PTZControl,record,playback,parameterConfig,logOrStateCheck,restartOrShutdown,upgrade,backup"/></RemotePermission></ViewerDefaultPermission><OperatorDefaultPermission><LocalPermission><permissionType opt="PTZControl,record,playback,parameterConfig,logOrStateCheck,restartOrShutdown,upgrade,backup"/></LocalPermission><RemotePermission><permissionType opt="preview, voiceTalk, alarmOutOrUpload, transParentChannel, contorlLocalOut,PTZControl,record,playback,parameterConfig,logOrStateCheck,restartOrShutdown,upgrade,backup"/></RemotePermission></OperatorDefaultPermission></UserAbility><NetAppAbility version="2.0"><NTP><intervalUnit>minute</intervalUnit></NTP><Net><NetworkInterface><networkInterfaceNum>1</networkInterfaceNum><NetworkInterfaceEntry><id>1</id><type opt="10Mbase-T,10MBase-T-full,100MBase-TX,100M-full,10M/100M/1000M-adapt,1000M-full"/><MTU min="500" max="1500"/></NetworkInterfaceEntry></NetworkInterface><multicastIpAddr opt="IPV4,IPV6"/></Net><Email><receiverNum>3</receiverNum><emailTest>true</emailTest><dirLevel opt="rootDir,topDir,subDir"/><topDirMode opt="deviceName,deviceNO,deviceIP,monitor,time"/><subDirMode opt="chanName,chanNO,time,laneNO"/></Email></NetAppAbility><VideoPicAbility version="2.0"><channelNO>1</channelNO><OSD><ChannelName><enabled>true</enabled></ChannelName><Week><enabled>true</enabled></Week><OSDType opt="xxxx-xx-xxYMD,xx-xx-xxxxMDY,xxxxYxxMxxD,xxMxxDxxxxY,xx-xx-xxxxDMY,xxDxxMxxxxY"/><OSDAttrib opt="1,2,3,4"/><OSDHourType opt="24Hour,12Hour"/></OSD><MotionDetection><regionType opt="grid"/><Grid><VideoFormatP><rowGranularity>18</rowGranularity><columnGranularity>22</columnGranularity></VideoFormatP><VideoFormatN><rowGranularity>15</rowGranularity><columnGranularity>22</columnGranularity></VideoFormatN></Grid><sensitivityLevel min="0" max="5"/><alarmTime>4</alarmTime><alarmHandleType opt="monitor,audio,center,alarmout,picture"/></MotionDetection><VILostDetection><alarmTime>4</alarmTime><alarmHandleType opt="monitor,audio,center,alarmout,picture"/></VILostDetection><HideDetection><HideAreaNum>1</HideAreaNum><HideArea><id>1</id><PAL><AreaX min="0" max="704"/><AreaY min="0" max="567"/></PAL><NTSC><AreaX min="0" max="704"/><AreaY min="0" max="480"/></NTSC></HideArea><sensitivity opt="none,low,middle,high"/><alarmTime>4</alarmTime><alarmHandleType opt="monitor,audio,center,alarmout,picture"/></HideDetection><PrivacyMask><PrivacyMaskAreaNum>1</PrivacyMaskAreaNum><PrivacyMaskArea><id>1</id><PAL><AreaX min="0" max="704"/><AreaY min="0" max="567"/></PAL><NTSC><AreaX min="0" max="704"/><AreaY min="0" max="480"/></NTSC></PrivacyMaskArea></PrivacyMask></VideoPicAbility></DecviceAbility>
