<?xml version="1.0" encoding="UTF-8"?>
<DecviceAbility version="2.0">
	<BasicCapability version="2.0">
		<HardwareCapability>
			<HardwareVersion>0x0</HardwareVersion>
			<AlarmInPortNum>16</AlarmInPortNum>
			<AlarmOutPortNum>4</AlarmOutPortNum>
			<RS232Num>1</RS232Num>
			<RS485Num>1</RS485Num>
			<NetworkPortNum>1</NetworkPortNum>
			<USBNum>2</USBNum>
			<FlashSize>16</FlashSize>
			<RamSize>128</RamSize>
			<USBVersion>2.0</USBVersion>
			<HardDiskNum>1</HardDiskNum>
			<SATANum>8</SATANum>
			<eSATANum>1</eSATANum>
			<VideoInNum>16</VideoInNum>
			<AudioInNum>16</AudioInNum>
			<VideoOutNum>3</VideoOutNum>
			<AudioOutNum>3</AudioOutNum>
			<AudioTalkNum>1</AudioTalkNum>
			<POESupport>1</POESupport>
			<VideoOutSupport>1</VideoOutSupport>
			<ResetSupport>1</ResetSupport>
			<AnalogChannelNum>16</AnalogChannelNum>
			<MultiNetworkCard>1</MultiNetworkCard>
			<BondingSupport>1</BondingSupport>
			<VGANumber>1</VGANumber>
			<HDMINumber>1</HDMINumber>
			<CVBSNumber>1</CVBSNumber>
			<AuxoutNumber>4</AuxoutNumber>
			<RAIDType>0,1</RAIDType>
		</HardwareCapability>
		<SoftwareCapability>
			<MaxNetworkHDNum>8</MaxNetworkHDNum>
			<NasSupport>1</NasSupport>
			<NasNumber>8</NasNumber>
			<ShowStringNumber>8</ShowStringNumber>
			<MotionDetectAlarmSupport>1</MotionDetectAlarmSupport>
			<VILostAlarmSupport>1</VILostAlarmSupport>
			<HideAlarmSupport>1</HideAlarmSupport>
			<ShelterSupport>1</ShelterSupport>
			<RtspSupport>1</RtspSupport>
			<RtpoverRtspSupport>1</RtpoverRtspSupport>
			<RtspoverHttpSupport>1</RtspoverHttpSupport>
			<NtpSupport>1</NtpSupport>
			<EptzSupport>1</EptzSupport>
			<PtzSupport>1</PtzSupport>
			<DDNSSupport>1</DDNSSupport>
			<DDNSHostType>0,1,2,3,4</DDNSHostType>
			<SNMPSupport>1</SNMPSupport>
			<SNMPVersion>1</SNMPVersion>
			<UPNPSupport>1</UPNPSupport>
			<iSCSISupport>1</iSCSISupport>
			<iSCSINum>8</iSCSINum>
			<Ipv6Support>1</Ipv6Support>
			<VCASupport>1</VCASupport>
			<MultipleStreamSupport>1</MultipleStreamSupport>
			<SubStreamSupport>1</SubStreamSupport>
			<EmailSupport>1</EmailSupport>
			<SADPVersion>0,1</SADPVersion>
			<ZeroChanNumber>1</ZeroChanNumber>
			<BackupSupport>1</BackupSupport>
			<FindFileByEventSupport>1</FindFileByEventSupport>
			<SmartSearchSupport>1</SmartSearchSupport>
			<ATMSupport>1</ATMSupport>
			<FileLockSupport>1</FileLockSupport>
			<BitrateLimitSupport>1</BitrateLimitSupport>
			<MaxLoginNum>128</MaxLoginNum>
			<MaxPreviewNum>128</MaxPreviewNum>
			<MaxPlayBackNum>128</MaxPlayBackNum>
			<MaxChanLinkNum>128</MaxChanLinkNum>
			<ShutDownSupport>1</ShutDownSupport>
			<FrameFreezeSupport>1</FrameFreezeSupport>
			<HDgroupConfig>1</HDgroupConfig>
			<RS232Config>1</RS232Config>
			<PPPoEConfig>1</PPPoEConfig>
			<RedundancyRecord>1</RedundancyRecord>
			<VideoOutScaleConfig>1</VideoOutScaleConfig>
			<UploadFTP>1</UploadFTP>
			<NotSupportDiskQuota>1</NotSupportDiskQuota>
			<LocalVout>
				<mainVoutType opt="mainCVBS,HDMI,VGA,auto"/>
			</LocalVout>
			<SingleStorageMaxCap>16</SingleStorageMaxCap>
			<NeedReboot>
				<ImportConfigurationFileReboot>1</ImportConfigurationFileReboot>
				<EsataUseageChange>1</EsataUseageChange>
				<AlarmInTypeChange>1</AlarmInTypeChange>
				<AnalogChanEnableChange>1</AnalogChanEnableChange>
				<RestoreConfig>1</RestoreConfig>
				<RS232workModeChange>1</RS232workModeChange>
				<NetPortChange>1</NetPortChange>
				<RtspPortChange>1</RtspPortChange>
				<DhcpEnableChange>1</DhcpEnableChange>
				<HttpPortChange>1</HttpPortChange>
				<PPPoEChange>1</PPPoEChange>
				<NetMultiCastIPChange>1</NetMultiCastIPChange>
				<HardDiskParamChange>1</HardDiskParamChange>
				<RecordTimeChange>1</RecordTimeChange>
				<VideoEncodeTypeChange>1</VideoEncodeTypeChange>
				<AudioEncodeTypeChange>1</AudioEncodeTypeChange>
				<StandardTypeChange>1</StandardTypeChange>
			</NeedReboot>
		</SoftwareCapability>
	</BasicCapability>
	<NetworkSetting version="2.0">
		<WirelessSetting>
			<InterfaceMode>
				<Range>0,1</Range>
			</InterfaceMode>
			<NetworkMode>
				<Range>0,1</Range>
			</NetworkMode>
			<SecurityMode>
				<Range>0,1,2,3,4,5</Range>
				<WEP>
					<AuthenticationType>
						<Range>0,1</Range>
					</AuthenticationType>
					<WEPKeyLength>
						<Range>0,1,2</Range>
					</WEPKeyLength>
					<WEPKeyType>
						<Range>0,1</Range>
					</WEPKeyType>
				</WEP>
				<WPA_PSK>
					<WPAKeyLength>
						<Min>8</Min>
						<Max>63</Max>
					</WPAKeyLength>
					<WPAEncryptType>
						<Range>0,1</Range>
					</WPAEncryptType>
				</WPA_PSK>
				<WPA_enterprise>
					<WPAEncryptType>
						<Range>0,1</Range>
					</WPAEncryptType>
					<AuthType>
						<Range>0,1,2</Range>
					</AuthType>
					<EAP_TTLS>
						<EapolVersion>
							<Range>0,1</Range>
						</EapolVersion>
						<InterAuthType>
							<Range>0,1</Range>
						</InterAuthType>
						<AnonyIdentityLength>
							<Min>0</Min>
							<Max>32</Max>
						</AnonyIdentityLength>
						<UserNameLength>
							<Min>1</Min>
							<Max>32</Max>
						</UserNameLength>
						<PasswordLength>
							<Min>1</Min>
							<Max>32</Max>
						</PasswordLength>
						<Certificate>
							<Certtype>
								<Range>0,1,2</Range>
							</Certtype>
							<FileType>
								<Range>0,1</Range>
							</FileType>
						</Certificate>
					</EAP_TTLS>
					<EAP_PEAP>
						<EapolVersion>
							<Range>0,1</Range>
						</EapolVersion>
						<InterAuthType>
							<Range>0,1,2</Range>
						</InterAuthType>
						<PeapVersion>
							<Range>0,1</Range>
						</PeapVersion>
						<PeapLabel>
							<Range>0,1</Range>
						</PeapLabel>
						<AnonyIdentityLength>
							<Min>0</Min>
							<Max>32</Max>
						</AnonyIdentityLength>
						<UserNameLength>
							<Min>1</Min>
							<Max>32</Max>
						</UserNameLength>
						<PasswordLength>
							<Min>1</Min>
							<Max>32</Max>
						</PasswordLength>
						<Certificate>
							<Certtype>
								<Range>0,1,2</Range>
							</Certtype>
							<FileType>
								<Range>0,1</Range>
							</FileType>
						</Certificate>
					</EAP_PEAP>
					<EAP_TLS>
						<EapolVersion>
							<Range>0,1</Range>
						</EapolVersion>
						<IdentityLength>
							<Min>1</Min>
							<Max>32</Max>
						</IdentityLength>
						<PrivateKeyPswdLength>
							<Min>1</Min>
							<Max>32</Max>
						</PrivateKeyPswdLength>
						<Certificate>
							<Certtype>
								<Range>0,1,2</Range>
							</Certtype>
							<FileType>
								<Range>0,1</Range>
							</FileType>
						</Certificate>
					</EAP_TLS>
				</WPA_enterprise>
			</SecurityMode>
		</WirelessSetting>
		<WPS>
			<Enabled>
				<Range>0,1</Range>
				<Default>1</Default>
			</Enabled>
			<WPSConnect>
				<Range>0,1,2,3</Range>
			</WPSConnect>
		</WPS>
	</NetworkSetting>
	<CAMERAPARA version="2.0">
		<ChannelList>
			<ChannelEntry>
				<ChannelNumber>1</ChannelNumber>
				<PowerLineFrequencyMode>
					<Range>0,1</Range>
					<Default>0</Default>
				</PowerLineFrequencyMode>
				<WhiteBalance>
					<WhiteBalanceMode>
						<Range>1,2,3,4,5,6,7,8,9,10,11,12,13,14,15,16</Range>
						<Default>1</Default>
					</WhiteBalanceMode>
					<WhiteBalanceModeRGain>
						<Min>0</Min>
						<Max>255</Max>
						<Default>100</Default>
					</WhiteBalanceModeRGain>
					<WhiteBalanceModeBGain>
						<Min>0</Min>
						<Max>255</Max>
						<Default>100</Default>
					</WhiteBalanceModeBGain>
				</WhiteBalance>
				<Exposure>
					<ExposureMode>
						<Range>0,1</Range>
						<Default>0</Default>
					</ExposureMode>
					<ExposureSet>
						<Range>0,1,2,3,4,5,6,7,8,9,10,11,12,13,14</Range>
					</ExposureSet>
					<exposureUSERSET>
						<Min>0</Min>
						<Max>40000</Max>
						<Default>20000</Default>
					</exposureUSERSET>
					<ExposureTarget>
						<Min>0</Min>
						<Max>2000000</Max>
						<Default>1000000</Default>
					</ExposureTarget>
				</Exposure>
				<IrisMode>
					<Range>0,1</Range>
					<Default>1</Default>
				</IrisMode>
				<AutoApertureLevel>
					<Min>0</Min>
					<Max>15</Max>
					<Default>7</Default>
				</AutoApertureLevel>
				<GainLevel>
					<Min>0</Min>
					<Max>100</Max>
					<Default>50</Default>
				</GainLevel>
				<BrightnessLevel>
					<Min>0</Min>
					<Max>100</Max>
					<Default>50</Default>
				</BrightnessLevel>
				<ContrastLevel>
					<Min>0</Min>
					<Max>100</Max>
					<Default>50</Default>
				</ContrastLevel>
				<SharpnessLevel>
					<Min>0</Min>
					<Max>100</Max>
					<Default>50</Default>
				</SharpnessLevel>
				<HorizonAperture>
					<Min>1</Min>
					<Max>64</Max>
					<Default>10</Default>
				</HorizonAperture>
				<VerticalAperture>
					<Min>1</Min>
					<Max>64</Max>
					<Default>10</Default>
				</VerticalAperture>
				<ChromaSuppress>
					<Min>0</Min>
					<Max>100</Max>
					<Default>50</Default>
				</ChromaSuppress>
				<SaturationLevel>
					<Min>0</Min>
					<Max>100</Max>
					<Default>50</Default>
				</SaturationLevel>
				<HueLevel>
					<Min>0</Min>
					<Max>100</Max>
					<Default>50</Default>
				</HueLevel>
				<GammaCorrection>
					<GammaCorrectionEnabled>
						<Range>0,1</Range>
						<Default>0</Default>
					</GammaCorrectionEnabled>
					<GammaCorrectionLevel>
						<Min>0</Min>
						<Max>100</Max>
						<Default>50</Default>
					</GammaCorrectionLevel>
				</GammaCorrection>
				<WDR>
					<WDREnabled>
						<Range>0,1,2</Range>
						<Default>0</Default>
					</WDREnabled>
					<WDRLevel1>
						<Min>0</Min>
						<Max>0xf</Max>
						<Default>0</Default>
					</WDRLevel1>
					<WDRLevel2>
						<Min>0</Min>
						<Max>0xf</Max>
						<Default>0</Default>
					</WDRLevel2>
					<WDRContrastLevel>
						<Min>0</Min>
						<Max>100</Max>
						<Default>50</Default>
					</WDRContrastLevel>
				</WDR>
				<DayNightFilter>
					<DayNightFilterType>
						<Range>0,1,2,3,4</Range>
						<Default>2</Default>
					</DayNightFilterType>
					<SwitchSchedule>
						<SwitchScheduleEnabled>
							<Range>0,1,2</Range>
							<Default>2</Default>
						</SwitchScheduleEnabled>
						<DayToNightFilterLevel>
							<Range>0,1,2,3,4,5,6,7,8,9,10,11,12</Range>
							<Default>3</Default>
						</DayToNightFilterLevel>
						<NightToDayFilterLevel>
							<Range>0,1,2,3,4,5,6,7,8,9,10,11,12</Range>
							<Default>3</Default>
						</NightToDayFilterLevel>
						<DayNightFilterTime>
							<Min>10</Min>
							<Max>120</Max>
							<Default>55</Default>
						</DayNightFilterTime>
						<NightDayFilterTime>
							<Min>0</Min>
							<Max>120</Max>
							<Default>55</Default>
						</NightDayFilterTime>
					</SwitchSchedule>
				</DayNightFilter>
				<Backlight>
					<BacklightMode>
						<Range>0,1,2,3,4,5,6,7,8,9,10,11,12</Range>
						<Default>0</Default>
					</BacklightMode>
					<BacklightLevel>
						<Min>0</Min>
						<Max>0xf</Max>
						<Default>0</Default>
					</BacklightLevel>
				</Backlight>
				<LowLightLimit>
					<LowLightLimitEnabled>
						<Range>0,1</Range>
						<Default>0</Default>
					</LowLightLimitEnabled>
					<LowLightLimitLevel>
						<Range>0,1,2,3,4,5,6,7,8,9,10,11,12,13,14</Range>
						<Default>0</Default>
					</LowLightLimitLevel>
				</LowLightLimit>
				<ImageStabilize>
					<ImageStabilizeLevel>
						<Range>0,1,2</Range>
						<Default>0</Default>
					</ImageStabilizeLevel>
				</ImageStabilize>
				<CameraIRCorrection>
					<Range>0,1,2</Range>
					<Default>0</Default>
				</CameraIRCorrection>
				<HighSensitivitySupport>
					<Range>1</Range>
				</HighSensitivitySupport>
				<InitializeLensSupport>
					<Range>1</Range>
				</InitializeLensSupport>
				<CameraResetSupport>
					<Range>1</Range>
				</CameraResetSupport>
				<CameraRestoreSupport>
					<Range>1</Range>
				</CameraRestoreSupport>
				<Mirror>
					<Range>0,1,2,3</Range>
					<Default>0</Default>
				</Mirror>
				<EPTZ>
					<Range>1</Range>
				</EPTZ>
				<LOCALOUTPUT>
					<Range>0,1,10,11,12,13,20,21,22,23,24,25,26,27,28</Range>
				</LOCALOUTPUT>
				<DigitalNoiseReduction>
					<DigitalNoiseReductionEnable>
						<Range>0,1,2,3,4,5,6,7,8,9,10</Range>
						<Default>0</Default>
					</DigitalNoiseReductionEnable>
					<DigitalNoiseReductionLevel>
						<Min>0</Min>
						<Max>100</Max>
						<Default>50</Default>
					</DigitalNoiseReductionLevel>
					<DigitalNoiseSpectralLevel>
						<Min>0</Min>
						<Max>100</Max>
						<Default>50</Default>
					</DigitalNoiseSpectralLevel>
					<DigitalNoiseTemporalLevel>
						<Min>0</Min>
						<Max>100</Max>
						<Default>50</Default>
					</DigitalNoiseTemporalLevel>
				</DigitalNoiseReduction>
				<SceneMode>
					<Range>0,1</Range>
					<Default>0</Default>
				</SceneMode>
				<ColorRange>
					<Range>0,1</Range>
					<Default>0</Default>
				</ColorRange>
				<DigitalZoom>
					<Range>0,1,2</Range>
					<Default>0</Default>
				</DigitalZoom>
				<DeadPixelDetect>
					<Range>1</Range>
				</DeadPixelDetect>
				<LINEENCODE>
					<Range>1</Range>
				</LINEENCODE>
				<OnepushFocus>1</OnepushFocus>
				<Dehaze>
					<DehazeEnable>0,1</DehazeEnable>
				</Dehaze>
				<DimmerMode>
					<Range>0,1</Range>
					<Default>0</Default>
				</DimmerMode>
				<PaletteMode>
					<Range>0,1,2,3,4,5,6,7,8</Range>
					<Default>0</Default>
				</PaletteMode>
				<EnhancedMode>
					<Range>0,1,2,3,4</Range>
					<Default>0</Default>
				</EnhancedMode>
				<FilterSwitch>
					<Range>1</Range>
				</FilterSwitch>
				<FocusSpeed>
					<Min>0</Min>
					<Max>10</Max>
					<Default>5</Default>
				</FocusSpeed>
				<AutoCompensationInterval>
					<Min>0</Min>
					<Max>120</Max>
					<Default>60</Default>
				</AutoCompensationInterval>
				<AutoFocusMode>
					<FocusModeSet>
						<Range>0,1,2,3</Range>
						<Default>0</Default>
					</FocusModeSet>
					<AFModeChoose>
						<Range>0,1,2,3,4</Range>
						<Default>0</Default>
					</AFModeChoose>
					<MinFocusDistance>
						<Range>0,1,2,3,4,5,6,7,8,9</Range>
						<Default>0</Default>
					</MinFocusDistance>
					<ZoomSpeedLevel>
						<Range>0,1,2,3,4,5,6,7,8,9,10,11,12</Range>
						<Default>0</Default>
					</ZoomSpeedLevel>
					<FocusSpeedLevel>
						<Range>0,1,2</Range>
						<Default>0</Default>
					</FocusSpeedLevel>
				</AutoFocusMode>
				<AutoExposureMode>
					<ExposureSet>
						<Range>0,1,2,3,4</Range>
						<Default>0</Default>
					</ExposureSet>
					<IrisSet>
						<Range>0,1,2,3,4,5,6,7,8,9,10,11,12,13,14,15,16,17,18,19,20,21,22,23,24,25,26,27,28,29,30,31,32,33,34,35,36,37,38,39,40,41,42,43,44,45</Range>
						<Default>0</Default>
					</IrisSet>
					<ShutterSet>
						<Range>0,1,2,3,4,5,6,7,8,9,10,11,12,13,14,15,16,17,18,19,20,21,22,23,24,25,26,27,28,2/9,30,31,32,33,34,35,36,37,38,39,40,41,42,43,44,45,46,47,48,49</Range>
						<Default>0</Default>
					</ShutterSet>
					<GainSet>
						<Range>0,1,2,3,4,5,6,7,8,9,10,11,12,13,14,15,16,17,18,19</Range>
						<Default>0</Default>
					</GainSet>
					<GainLimit>
						<Min>0</Min>
						<Max>0xf</Max>
						<Default>0</Default>
					</GainLimit>
					<ExposureComp>
						<Min>0</Min>
						<Max>100</Max>
						<Default>50</Default>
					</ExposureComp>
				</AutoExposureMode>
				<ZoomPara>
					<ZoomDisplay>
						<Range>0,1</Range>
						<Default>0</Default>
					</ZoomDisplay>
					<ZoomLimit>
						<Min>1</Min>
						<Max>50</Max>
						<Default>1</Default>
					</ZoomLimit>
					<DigitalZoom>
						<Min>1</Min>
						<Max>30</Max>
						<Default>1</Default>
					</DigitalZoom>
				</ZoomPara>
				<SnapExposure>
					<SnapMode>
						<Range>0,1,2</Range>
						<Default>0</Default>
					</SnapMode>
					<SnapGain1>
						<Min>0</Min>
						<Max>100</Max>
						<Default>50</Default>
					</SnapGain1>
					<SnapGain2>
						<Min>0</Min>
						<Max>100</Max>
						<Default>50</Default>
					</SnapGain2>
				</SnapExposure>
				<DynamicContrast>
					<DynamicContrastLevel>
						<Min>0</Min>
						<Max>100</Max>
						<Default>50</Default>
					</DynamicContrastLevel>
				</DynamicContrast>
			</ChannelEntry>
		</ChannelList>
	</CAMERAPARA>
	<RAID version="2.0">
		<RaidType>
			<Range>1,2</Range>
		</RaidType>
		<RaidAutoRebuild>
			<Range>1</Range>
		</RaidAutoRebuild>
		<AdapterUpgrade>
			<Range>1</Range>
		</AdapterUpgrade>
		<MaxPdCount>
			<Value>1</Value>
		</MaxPdCount>
		<MaxArrayCount>
			<Value>1</Value>
		</MaxArrayCount>
		<MaxVdCount>
			<Value>1</Value>
		</MaxVdCount>
		<MaxCreateVdCount>
			<Value>1</Value>
		</MaxCreateVdCount>
		<SpareType>
			<Range>1,2</Range>
		</SpareType>
		<RaidMode>
			<Range>1,2,3,4,5,6,7,8,9</Range>
		</RaidMode>
		<RebuildArray>
			<Range>1</Range>
		</RebuildArray>
		<MigrateArray>
			<Range>1</Range>
		</MigrateArray>
		<MigrateArrayType>
			<RAID0>
				<Range>2,3,4,5,6,7,8,9</Range>
			</RAID0>
			<RAID1>
				<Range>1,3,4,5,6,7,8,9</Range>
			</RAID1>
			<RAID10>
				<Range>1,2,4,5,6,7,8,9</Range>
			</RAID10>
			<RAID1E>
				<Range>1,2,3,5,6,7,8,9</Range>
			</RAID1E>
			<RAID5>
				<Range>1,2,3,4,6,7,8,9</Range>
			</RAID5>
			<RAID6>
				<Range>1,2,3,4,5,7,8,9</Range>
			</RAID6>
			<RAID50>
				<Range>1,2,3,4,5,6,8,9</Range>
			</RAID50>
			<JBOD>
				<Range>1,2,3,5,4,6,7,9</Range>
			</JBOD>
			<RAID60>
				<Range>1,2,3,4,5,6,7,8</Range>
			</RAID60>
		</MigrateArrayType>
		<ScanArray>
			<Range>1</Range>
		</ScanArray>
		<StopArray>
			<Range>1</Range>
		</StopArray>
		<ArrayInitType>
			<Range>0,1,2,3</Range>
		</ArrayInitType>
		<VdInitType>
			<Range>0,1,2,3</Range>
		</VdInitType>
		<MinVdSize>
			<Value>1</Value>
		</MinVdSize>
		<ArrayTaskSpeed>
			<Range>0,1,2</Range>
		</ArrayTaskSpeed>
	</RAID>
	<AudioVideoCompressInfo version="2.0">
		<AudioCompressInfo>
			<Audio>
				<ChannelList>
					<ChannelEntry>
						<ChannelNumber>1</ChannelNumber>
						<MainAudioEncodeType>
							<Range>0,1,2</Range>
						</MainAudioEncodeType>
						<SubAudioEncodeType>
							<Range>0,1,2</Range>
						</SubAudioEncodeType>
						<EventAudioEncodeType>
							<Range>0,1,2</Range>
						</EventAudioEncodeType>
					</ChannelEntry>
				</ChannelList>
			</Audio>
			<VoiceTalk>
				<ChannelList>
					<ChannelEntry>
						<ChannelNumber>1</ChannelNumber>
						<VoiceTalkEncodeType>
							<Range>0,1,2</Range>
						</VoiceTalkEncodeType>
					</ChannelEntry>
				</ChannelList>
			</VoiceTalk>
		</AudioCompressInfo>
		<VideoCompressInfo>
			<ChannelList>
				<ChannelEntry>
					<ChannelNumber>1</ChannelNumber>
					<MainChannel>
						<VideoEncodeType>
							<Range>0,1,2,7</Range>
						</VideoEncodeType>
						<VideoCabac>1</VideoCabac>
						<VideoResolutionList>
							<VideoResolutionEntry>
								<Index>0</Index>
								<Name>DCIF</Name>
								<Resolution>528*384</Resolution>
								<VideoFrameRate>0,1,2,3,4,5,6,7,8,9,10,11,12,13,14,15,16</VideoFrameRate>
								<VideoBitrate>
									<Min>32</Min>
									<Max>16384</Max>
								</VideoBitrate>
							</VideoResolutionEntry>
							<VideoResolutionEntry>
								<Index>1</Index>
								<Name>CIF</Name>
								<Resolution>352*288</Resolution>
								<VideoFrameRate>0,1,2,3,4,5,6,7,8,9,10,11,12,13,14,15,16</VideoFrameRate>
								<VideoBitrate>
									<Min>32</Min>
									<Max>16384</Max>
								</VideoBitrate>
							</VideoResolutionEntry>
							<VideoResolutionEntry>
								<Index>2</Index>
								<Name>QCIF</Name>
								<Resolution>176*144</Resolution>
								<VideoFrameRate>0,1,2,3,4,5,6,7,8,9,10,11,12,13,14,15,16</VideoFrameRate>
								<VideoBitrate>
									<Min>32</Min>
									<Max>16384</Max>
								</VideoBitrate>
							</VideoResolutionEntry>
							<VideoResolutionEntry>
								<Index>3</Index>
								<Name>4CIF</Name>
								<Resolution>704*576</Resolution>
								<VideoFrameRate>0,1,2,3,4,5,6,7,8,9,10,11,12,13,14,15,16</VideoFrameRate>
								<VideoBitrate>
									<Min>32</Min>
									<Max>16384</Max>
								</VideoBitrate>
							</VideoResolutionEntry>
							<VideoResolutionEntry>
								<Index>4</Index>
								<Name>2CIF</Name>
								<Resolution>704*288</Resolution>
								<VideoFrameRate>0,1,2,3,4,5,6,7,8,9,10,11,12,13,14,15,16</VideoFrameRate>
								<VideoBitrate>
									<Min>32</Min>
									<Max>16384</Max>
								</VideoBitrate>
							</VideoResolutionEntry>
							<VideoResolutionEntry>
								<Index>6</Index>
								<Name>QVGA</Name>
								<Resolution>320*240</Resolution>
								<VideoFrameRate>0,1,2,3,4,5,6,7,8,9,10,11,12,13,14,15,16</VideoFrameRate>
								<VideoBitrate>
									<Min>32</Min>
									<Max>16384</Max>
								</VideoBitrate>
							</VideoResolutionEntry>
							<VideoResolutionEntry>
								<Index>12</Index>
								<Name>384*288</Name>
								<Resolution>384*288</Resolution>
								<VideoFrameRate>0,1,2,3,4,5,6,7,8,9,10,11,12,13,14,15,16</VideoFrameRate>
								<VideoBitrate>
									<Min>32</Min>
									<Max>16384</Max>
								</VideoBitrate>
							</VideoResolutionEntry>
							<VideoResolutionEntry>
								<Index>16</Index>
								<Name>VGA</Name>
								<Resolution>640*480</Resolution>
								<VideoFrameRate>0,1,2,3,4,5,6,7,8,9,10,11,12,13,14,15,16</VideoFrameRate>
								<VideoBitrate>
									<Min>32</Min>
									<Max>16384</Max>
								</VideoBitrate>
							</VideoResolutionEntry>
							<VideoResolutionEntry>
								<Index>17</Index>
								<Name>UXGA</Name>
								<Resolution>1600*1200</Resolution>
								<VideoFrameRate>0,1,2,3,4,5,6,7,8,9,10,11,12,13,14,15,16</VideoFrameRate>
								<VideoBitrate>
									<Min>32</Min>
									<Max>16384</Max>
								</VideoBitrate>
							</VideoResolutionEntry>
							<VideoResolutionEntry>
								<Index>18</Index>
								<Name>SVGA</Name>
								<Resolution>800*600</Resolution>
								<VideoFrameRate>0,1,2,3,4,5,6,7,8,9,10,11,12,13,14,15,16</VideoFrameRate>
								<VideoBitrate>
									<Min>32</Min>
									<Max>16384</Max>
								</VideoBitrate>
							</VideoResolutionEntry>
							<VideoResolutionEntry>
								<Index>19</Index>
								<Name>HD720p</Name>
								<Resolution>1280*720</Resolution>
								<VideoFrameRate>0,1,2,3,4,5,6,7,8,9,10,11,12,13,14,15,16</VideoFrameRate>
								<VideoBitrate>
									<Min>32</Min>
									<Max>16384</Max>
								</VideoBitrate>
							</VideoResolutionEntry>
							<VideoResolutionEntry>
								<Index>20</Index>
								<Name>XVGA</Name>
								<Resolution>1280*960</Resolution>
								<VideoFrameRate>0,1,2,3,4,5,6,7,8,9,10,11,12,13,14,15,16</VideoFrameRate>
								<VideoBitrate>
									<Min>32</Min>
									<Max>16384</Max>
								</VideoBitrate>
							</VideoResolutionEntry>
							<VideoResolutionEntry>
								<Index>21</Index>
								<Name>HD900p</Name>
								<Resolution>1600*912</Resolution>
								<VideoFrameRate>0,1,2,3,4,5,6,7,8,9,10,11,12,13,14,15,16</VideoFrameRate>
								<VideoBitrate>
									<Min>32</Min>
									<Max>16384</Max>
								</VideoBitrate>
							</VideoResolutionEntry>
							<VideoResolutionEntry>
								<Index>22</Index>
								<Name>SXGAp</Name>
								<Resolution>1280*960</Resolution>
								<VideoFrameRate>0,1,2,3,4,5,6,7,8,9,10,11,12,13,14,15,16</VideoFrameRate>
								<VideoBitrate>
									<Min>32</Min>
									<Max>16384</Max>
								</VideoBitrate>
							</VideoResolutionEntry>
							<VideoResolutionEntry>
								<Index>27</Index>
								<Name>1920*1080</Name>
								<Resolution>1920*1080</Resolution>
								<VideoFrameRate>0,1,2,3,4,5,6,7,8,9,10,11,12,13,14,15,16</VideoFrameRate>
								<VideoBitrate>
									<Min>32</Min>
									<Max>16384</Max>
								</VideoBitrate>
							</VideoResolutionEntry>
							<VideoResolutionEntry>
								<Index>28</Index>
								<Name>2560*1920</Name>
								<Resolution>2560*1920</Resolution>
								<VideoFrameRate>0,1,2,3,4,5,6,7,8,9,10,11,12,13,14,15,16</VideoFrameRate>
								<VideoBitrate>
									<Min>32</Min>
									<Max>16384</Max>
								</VideoBitrate>
							</VideoResolutionEntry>
							<VideoResolutionEntry>
								<Index>29</Index>
								<Name>1600*304</Name>
								<Resolution>1600*304</Resolution>
								<VideoFrameRate>0,1,2,3,4,5,6,7,8,9,10,11,12,13,14,15,16</VideoFrameRate>
								<VideoBitrate>
									<Min>32</Min>
									<Max>16384</Max>
								</VideoBitrate>
							</VideoResolutionEntry>
							<VideoResolutionEntry>
								<Index>30</Index>
								<Name>2048*1536</Name>
								<Resolution>2048*1536</Resolution>
								<VideoFrameRate>0,1,2,3,4,5,6,7,8,9,10,11,12,13,14,15,16</VideoFrameRate>
								<VideoBitrate>
									<Min>32</Min>
									<Max>16384</Max>
								</VideoBitrate>
							</VideoResolutionEntry>
							<VideoResolutionEntry>
								<Index>31</Index>
								<Name>2448*2048</Name>
								<Resolution>2448*2048</Resolution>
								<VideoFrameRate>0,1,2,3,4,5,6,7,8,9,10,11,12,13,14,15,16</VideoFrameRate>
								<VideoBitrate>
									<Min>32</Min>
									<Max>16384</Max>
								</VideoBitrate>
							</VideoResolutionEntry>
							<VideoResolutionEntry>
								<Index>32</Index>
								<Name>2448*1200</Name>
								<Resolution>2448*1200</Resolution>
								<VideoFrameRate>0,1,2,3,4,5,6,7,8,9,10,11,12,13,14,15,16</VideoFrameRate>
								<VideoBitrate>
									<Min>32</Min>
									<Max>16384</Max>
								</VideoBitrate>
							</VideoResolutionEntry>
							<VideoResolutionEntry>
								<Index>33</Index>
								<Name>2448*800</Name>
								<Resolution>2448*800</Resolution>
								<VideoFrameRate>0,1,2,3,4,5,6,7,8,9,10,11,12,13,14,15,16</VideoFrameRate>
								<VideoBitrate>
									<Min>32</Min>
									<Max>16384</Max>
								</VideoBitrate>
							</VideoResolutionEntry>
							<VideoResolutionEntry>
								<Index>34</Index>
								<Name>XGA</Name>
								<Resolution>1024*768</Resolution>
								<VideoFrameRate>0,1,2,3,4,5,6,7,8,9,10,11,12,13,14,15,16</VideoFrameRate>
								<VideoBitrate>
									<Min>32</Min>
									<Max>16384</Max>
								</VideoBitrate>
							</VideoResolutionEntry>
							<VideoResolutionEntry>
								<Index>35</Index>
								<Name>SXGA</Name>
								<Resolution>1280*1024</Resolution>
								<VideoFrameRate>0,1,2,3,4,5,6,7,8,9,10,11,12,13,14,15,16</VideoFrameRate>
								<VideoBitrate>
									<Min>32</Min>
									<Max>16384</Max>
								</VideoBitrate>
							</VideoResolutionEntry>
							<VideoResolutionEntry>
								<Index>36</Index>
								<Name>WD1</Name>
								<Resolution>960*576</Resolution>
								<VideoFrameRate>0,1,2,3,4,5,6,7,8,9,10,11,12,13,14,15,16</VideoFrameRate>
								<VideoBitrate>
									<Min>32</Min>
									<Max>16384</Max>
								</VideoBitrate>
							</VideoResolutionEntry>
							<VideoResolutionEntry>
								<Index>37</Index>
								<Name>1080i</Name>
								<Resolution>1920*1080</Resolution>
								<VideoFrameRate>0,1,2,3,4,5,6,7,8,9,10,11,12,13,14,15,16</VideoFrameRate>
								<VideoBitrate>
									<Min>32</Min>
									<Max>16384</Max>
								</VideoBitrate>
							</VideoResolutionEntry>
						</VideoResolutionList>
						<IntervalBPFrame>
							<Range>2</Range>
						</IntervalBPFrame>
						<EFrame>0</EFrame>
					</MainChannel>
					<SubChannelList>
						<SubChannelEntry>
							<index>1</index>
							<VideoEncodeType>
								<Range>0,1,2,7</Range>
							</VideoEncodeType>
							<VideoResolutionList>
								<VideoResolutionEntry>
									<Index>0</Index>
									<Name>DCIF</Name>
									<Resolution>528*384</Resolution>
									<VideoFrameRate>0,1,2,3,4,5,6,7,8,9,10,11,12,13,14,15,16</VideoFrameRate>
									<VideoBitrate>
										<Min>32</Min>
										<Max>16384</Max>
									</VideoBitrate>
								</VideoResolutionEntry>
								<VideoResolutionEntry>
									<Index>1</Index>
									<Name>CIF</Name>
									<Resolution>352*288</Resolution>
									<VideoFrameRate>0,1,2,3,4,5,6,7,8,9,10,11,12,13,14,15,16</VideoFrameRate>
									<VideoBitrate>
										<Min>32</Min>
										<Max>16384</Max>
									</VideoBitrate>
								</VideoResolutionEntry>
								<VideoResolutionEntry>
									<Index>2</Index>
									<Name>QCIF</Name>
									<Resolution>176*144</Resolution>
									<VideoFrameRate>0,1,2,3,4,5,6,7,8,9,10,11,12,13,14,15,16</VideoFrameRate>
									<VideoBitrate>
										<Min>32</Min>
										<Max>16384</Max>
									</VideoBitrate>
								</VideoResolutionEntry>
								<VideoResolutionEntry>
									<Index>3</Index>
									<Name>4CIF</Name>
									<Resolution>704*576</Resolution>
									<VideoFrameRate>0,1,2,3,4,5,6,7,8,9,10,11,12,13,14,15,16</VideoFrameRate>
									<VideoBitrate>
										<Min>32</Min>
										<Max>16384</Max>
									</VideoBitrate>
								</VideoResolutionEntry>
								<VideoResolutionEntry>
									<Index>4</Index>
									<Name>2CIF</Name>
									<Resolution>704*288</Resolution>
									<VideoFrameRate>0,1,2,3,4,5,6,7,8,9,10,11,12,13,14,15,16</VideoFrameRate>
									<VideoBitrate>
										<Min>32</Min>
										<Max>16384</Max>
									</VideoBitrate>
								</VideoResolutionEntry>
								<VideoResolutionEntry>
									<Index>6</Index>
									<Name>QVGA</Name>
									<Resolution>320*240</Resolution>
									<VideoFrameRate>0,1,2,3,4,5,6,7,8,9,10,11,12,13,14,15,16</VideoFrameRate>
									<VideoBitrate>
										<Min>32</Min>
										<Max>16384</Max>
									</VideoBitrate>
								</VideoResolutionEntry>
								<VideoResolutionEntry>
									<Index>12</Index>
									<Name>384*288</Name>
									<Resolution>384*288</Resolution>
									<VideoFrameRate>0,1,2,3,4,5,6,7,8,9,10,11,12,13,14,15,16</VideoFrameRate>
									<VideoBitrate>
										<Min>32</Min>
										<Max>16384</Max>
									</VideoBitrate>
								</VideoResolutionEntry>
								<VideoResolutionEntry>
									<Index>16</Index>
									<Name>VGA</Name>
									<Resolution>640*480</Resolution>
									<VideoFrameRate>0,1,2,3,4,5,6,7,8,9,10,11,12,13,14,15,16</VideoFrameRate>
									<VideoBitrate>
										<Min>32</Min>
										<Max>16384</Max>
									</VideoBitrate>
								</VideoResolutionEntry>
								<VideoResolutionEntry>
									<Index>17</Index>
									<Name>UXGA</Name>
									<Resolution>1600*1200</Resolution>
									<VideoFrameRate>0,1,2,3,4,5,6,7,8,9,10,11,12,13,14,15,16</VideoFrameRate>
									<VideoBitrate>
										<Min>32</Min>
										<Max>16384</Max>
									</VideoBitrate>
								</VideoResolutionEntry>
								<VideoResolutionEntry>
									<Index>18</Index>
									<Name>SVGA</Name>
									<Resolution>800*600</Resolution>
									<VideoFrameRate>0,1,2,3,4,5,6,7,8,9,10,11,12,13,14,15,16</VideoFrameRate>
									<VideoBitrate>
										<Min>32</Min>
										<Max>16384</Max>
									</VideoBitrate>
								</VideoResolutionEntry>
								<VideoResolutionEntry>
									<Index>19</Index>
									<Name>HD720p</Name>
									<Resolution>1280*720</Resolution>
									<VideoFrameRate>0,1,2,3,4,5,6,7,8,9,10,11,12,13,14,15,16</VideoFrameRate>
									<VideoBitrate>
										<Min>32</Min>
										<Max>16384</Max>
									</VideoBitrate>
								</VideoResolutionEntry>
								<VideoResolutionEntry>
									<Index>20</Index>
									<Name>XVGA</Name>
									<Resolution>1280*960</Resolution>
									<VideoFrameRate>0,1,2,3,4,5,6,7,8,9,10,11,12,13,14,15,16</VideoFrameRate>
									<VideoBitrate>
										<Min>32</Min>
										<Max>16384</Max>
									</VideoBitrate>
								</VideoResolutionEntry>
								<VideoResolutionEntry>
									<Index>21</Index>
									<Name>HD900p</Name>
									<Resolution>1600*912</Resolution>
									<VideoFrameRate>0,1,2,3,4,5,6,7,8,9,10,11,12,13,14,15,16</VideoFrameRate>
									<VideoBitrate>
										<Min>32</Min>
										<Max>16384</Max>
									</VideoBitrate>
								</VideoResolutionEntry>
								<VideoResolutionEntry>
									<Index>22</Index>
									<Name>SXGAp</Name>
									<Resolution>1280*960</Resolution>
									<VideoFrameRate>0,1,2,3,4,5,6,7,8,9,10,11,12,13,14,15,16</VideoFrameRate>
									<VideoBitrate>
										<Min>32</Min>
										<Max>16384</Max>
									</VideoBitrate>
								</VideoResolutionEntry>
								<VideoResolutionEntry>
									<Index>27</Index>
									<Name>1920*1080</Name>
									<Resolution>1920*1080</Resolution>
									<VideoFrameRate>0,1,2,3,4,5,6,7,8,9,10,11,12,13,14,15,16</VideoFrameRate>
									<VideoBitrate>
										<Min>32</Min>
										<Max>16384</Max>
									</VideoBitrate>
								</VideoResolutionEntry>
								<VideoResolutionEntry>
									<Index>28</Index>
									<Name>2560*1920</Name>
									<Resolution>2560*1920</Resolution>
									<VideoFrameRate>0,1,2,3,4,5,6,7,8,9,10,11,12,13,14,15,16</VideoFrameRate>
									<VideoBitrate>
										<Min>32</Min>
										<Max>16384</Max>
									</VideoBitrate>
								</VideoResolutionEntry>
								<VideoResolutionEntry>
									<Index>29</Index>
									<Name>1600*304</Name>
									<Resolution>1600*304</Resolution>
									<VideoFrameRate>0,1,2,3,4,5,6,7,8,9,10,11,12,13,14,15,16</VideoFrameRate>
									<VideoBitrate>
										<Min>32</Min>
										<Max>16384</Max>
									</VideoBitrate>
								</VideoResolutionEntry>
								<VideoResolutionEntry>
									<Index>30</Index>
									<Name>2048*1536</Name>
									<Resolution>2048*1536</Resolution>
									<VideoFrameRate>0,1,2,3,4,5,6,7,8,9,10,11,12,13,14,15,16</VideoFrameRate>
									<VideoBitrate>
										<Min>32</Min>
										<Max>16384</Max>
									</VideoBitrate>
								</VideoResolutionEntry>
								<VideoResolutionEntry>
									<Index>31</Index>
									<Name>2448*2048</Name>
									<Resolution>2448*2048</Resolution>
									<VideoFrameRate>0,1,2,3,4,5,6,7,8,9,10,11,12,13,14,15,16</VideoFrameRate>
									<VideoBitrate>
										<Min>32</Min>
										<Max>16384</Max>
									</VideoBitrate>
								</VideoResolutionEntry>
								<VideoResolutionEntry>
									<Index>32</Index>
									<Name>2448*1200</Name>
									<Resolution>2448*1200</Resolution>
									<VideoFrameRate>0,1,2,3,4,5,6,7,8,9,10,11,12,13,14,15,16</VideoFrameRate>
									<VideoBitrate>
										<Min>32</Min>
										<Max>16384</Max>
									</VideoBitrate>
								</VideoResolutionEntry>
								<VideoResolutionEntry>
									<Index>33</Index>
									<Name>2448*800</Name>
									<Resolution>2448*800</Resolution>
									<VideoFrameRate>0,1,2,3,4,5,6,7,8,9,10,11,12,13,14,15,16</VideoFrameRate>
									<VideoBitrate>
										<Min>32</Min>
										<Max>16384</Max>
									</VideoBitrate>
								</VideoResolutionEntry>
								<VideoResolutionEntry>
									<Index>34</Index>
									<Name>XGA</Name>
									<Resolution>1024*768</Resolution>
									<VideoFrameRate>0,1,2,3,4,5,6,7,8,9,10,11,12,13,14,15,16</VideoFrameRate>
									<VideoBitrate>
										<Min>32</Min>
										<Max>16384</Max>
									</VideoBitrate>
								</VideoResolutionEntry>
								<VideoResolutionEntry>
									<Index>35</Index>
									<Name>SXGA</Name>
									<Resolution>1280*1024</Resolution>
									<VideoFrameRate>0,1,2,3,4,5,6,7,8,9,10,11,12,13,14,15,16</VideoFrameRate>
									<VideoBitrate>
										<Min>32</Min>
										<Max>16384</Max>
									</VideoBitrate>
								</VideoResolutionEntry>
								<VideoResolutionEntry>
									<Index>36</Index>
									<Name>WD1</Name>
									<Resolution>960*576</Resolution>
									<VideoFrameRate>0,1,2,3,4,5,6,7,8,9,10,11,12,13,14,15,16</VideoFrameRate>
									<VideoBitrate>
										<Min>32</Min>
										<Max>16384</Max>
									</VideoBitrate>
								</VideoResolutionEntry>
								<VideoResolutionEntry>
									<Index>37</Index>
									<Name>1080i</Name>
									<Resolution>1920*1080</Resolution>
									<VideoFrameRate>0,1,2,3,4,5,6,7,8,9,10,11,12,13,14,15,16</VideoFrameRate>
									<VideoBitrate>
										<Min>32</Min>
										<Max>16384</Max>
									</VideoBitrate>
								</VideoResolutionEntry>
							</VideoResolutionList>
							<IntervalBPFrame>
								<Range>2</Range>
							</IntervalBPFrame>
						</SubChannelEntry>
					</SubChannelList>
					<EventChannel>
						<VideoEncodeType>
							<Range>0,1,2,7</Range>
						</VideoEncodeType>
						<VideoResolutionList>
							<VideoResolutionEntry>
								<Index>0</Index>
								<Name>DCIF</Name>
								<Resolution>528*384</Resolution>
								<VideoFrameRate>0,1,2,3,4,5,6,7,8,9,10,11,12,13,14,15,16</VideoFrameRate>
								<VideoBitrate>
									<Min>32</Min>
									<Max>16384</Max>
								</VideoBitrate>
							</VideoResolutionEntry>
							<VideoResolutionEntry>
								<Index>1</Index>
								<Name>CIF</Name>
								<Resolution>352*288</Resolution>
								<VideoFrameRate>0,1,2,3,4,5,6,7,8,9,10,11,12,13,14,15,16</VideoFrameRate>
								<VideoBitrate>
									<Min>32</Min>
									<Max>16384</Max>
								</VideoBitrate>
							</VideoResolutionEntry>
							<VideoResolutionEntry>
								<Index>2</Index>
								<Name>QCIF</Name>
								<Resolution>176*144</Resolution>
								<VideoFrameRate>0,1,2,3,4,5,6,7,8,9,10,11,12,13,14,15,16</VideoFrameRate>
								<VideoBitrate>
									<Min>32</Min>
									<Max>16384</Max>
								</VideoBitrate>
							</VideoResolutionEntry>
							<VideoResolutionEntry>
								<Index>3</Index>
								<Name>4CIF</Name>
								<Resolution>704*576</Resolution>
								<VideoFrameRate>0,1,2,3,4,5,6,7,8,9,10,11,12,13,14,15,16</VideoFrameRate>
								<VideoBitrate>
									<Min>32</Min>
									<Max>16384</Max>
								</VideoBitrate>
							</VideoResolutionEntry>
							<VideoResolutionEntry>
								<Index>4</Index>
								<Name>2CIF</Name>
								<Resolution>704*288</Resolution>
								<VideoFrameRate>0,1,2,3,4,5,6,7,8,9,10,11,12,13,14,15,16</VideoFrameRate>
								<VideoBitrate>
									<Min>32</Min>
									<Max>16384</Max>
								</VideoBitrate>
							</VideoResolutionEntry>
							<VideoResolutionEntry>
								<Index>6</Index>
								<Name>QVGA</Name>
								<Resolution>320*240</Resolution>
								<VideoFrameRate>0,1,2,3,4,5,6,7,8,9,10,11,12,13,14,15,16</VideoFrameRate>
								<VideoBitrate>
									<Min>32</Min>
									<Max>16384</Max>
								</VideoBitrate>
							</VideoResolutionEntry>
							<VideoResolutionEntry>
								<Index>12</Index>
								<Name>384*288</Name>
								<Resolution>384*288</Resolution>
								<VideoFrameRate>0,1,2,3,4,5,6,7,8,9,10,11,12,13,14,15,16</VideoFrameRate>
								<VideoBitrate>
									<Min>32</Min>
									<Max>16384</Max>
								</VideoBitrate>
							</VideoResolutionEntry>
							<VideoResolutionEntry>
								<Index>16</Index>
								<Name>VGA</Name>
								<Resolution>640*480</Resolution>
								<VideoFrameRate>0,1,2,3,4,5,6,7,8,9,10,11,12,13,14,15,16</VideoFrameRate>
								<VideoBitrate>
									<Min>32</Min>
									<Max>16384</Max>
								</VideoBitrate>
							</VideoResolutionEntry>
							<VideoResolutionEntry>
								<Index>17</Index>
								<Name>UXGA</Name>
								<Resolution>1600*1200</Resolution>
								<VideoFrameRate>0,1,2,3,4,5,6,7,8,9,10,11,12,13,14,15,16</VideoFrameRate>
								<VideoBitrate>
									<Min>32</Min>
									<Max>16384</Max>
								</VideoBitrate>
							</VideoResolutionEntry>
							<VideoResolutionEntry>
								<Index>18</Index>
								<Name>SVGA</Name>
								<Resolution>800*600</Resolution>
								<VideoFrameRate>0,1,2,3,4,5,6,7,8,9,10,11,12,13,14,15,16</VideoFrameRate>
								<VideoBitrate>
									<Min>32</Min>
									<Max>16384</Max>
								</VideoBitrate>
							</VideoResolutionEntry>
							<VideoResolutionEntry>
								<Index>19</Index>
								<Name>HD720p</Name>
								<Resolution>1280*720</Resolution>
								<VideoFrameRate>0,1,2,3,4,5,6,7,8,9,10,11,12,13,14,15,16</VideoFrameRate>
								<VideoBitrate>
									<Min>32</Min>
									<Max>16384</Max>
								</VideoBitrate>
							</VideoResolutionEntry>
							<VideoResolutionEntry>
								<Index>20</Index>
								<Name>XVGA</Name>
								<Resolution>1280*960</Resolution>
								<VideoFrameRate>0,1,2,3,4,5,6,7,8,9,10,11,12,13,14,15,16</VideoFrameRate>
								<VideoBitrate>
									<Min>32</Min>
									<Max>16384</Max>
								</VideoBitrate>
							</VideoResolutionEntry>
							<VideoResolutionEntry>
								<Index>21</Index>
								<Name>HD900p</Name>
								<Resolution>1600*912</Resolution>
								<VideoFrameRate>0,1,2,3,4,5,6,7,8,9,10,11,12,13,14,15,16</VideoFrameRate>
								<VideoBitrate>
									<Min>32</Min>
									<Max>16384</Max>
								</VideoBitrate>
							</VideoResolutionEntry>
							<VideoResolutionEntry>
								<Index>22</Index>
								<Name>SXGAp</Name>
								<Resolution>1280*960</Resolution>
								<VideoFrameRate>0,1,2,3,4,5,6,7,8,9,10,11,12,13,14,15,16</VideoFrameRate>
								<VideoBitrate>
									<Min>32</Min>
									<Max>16384</Max>
								</VideoBitrate>
							</VideoResolutionEntry>
							<VideoResolutionEntry>
								<Index>27</Index>
								<Name>1920*1080</Name>
								<Resolution>1920*1080</Resolution>
								<VideoFrameRate>0,1,2,3,4,5,6,7,8,9,10,11,12,13,14,15,16</VideoFrameRate>
								<VideoBitrate>
									<Min>32</Min>
									<Max>16384</Max>
								</VideoBitrate>
							</VideoResolutionEntry>
							<VideoResolutionEntry>
								<Index>28</Index>
								<Name>2560*1920</Name>
								<Resolution>2560*1920</Resolution>
								<VideoFrameRate>0,1,2,3,4,5,6,7,8,9,10,11,12,13,14,15,16</VideoFrameRate>
								<VideoBitrate>
									<Min>32</Min>
									<Max>16384</Max>
								</VideoBitrate>
							</VideoResolutionEntry>
							<VideoResolutionEntry>
								<Index>29</Index>
								<Name>1600*304</Name>
								<Resolution>1600*304</Resolution>
								<VideoFrameRate>0,1,2,3,4,5,6,7,8,9,10,11,12,13,14,15,16</VideoFrameRate>
								<VideoBitrate>
									<Min>32</Min>
									<Max>16384</Max>
								</VideoBitrate>
							</VideoResolutionEntry>
							<VideoResolutionEntry>
								<Index>30</Index>
								<Name>2048*1536</Name>
								<Resolution>2048*1536</Resolution>
								<VideoFrameRate>0,1,2,3,4,5,6,7,8,9,10,11,12,13,14,15,16</VideoFrameRate>
								<VideoBitrate>
									<Min>32</Min>
									<Max>16384</Max>
								</VideoBitrate>
							</VideoResolutionEntry>
							<VideoResolutionEntry>
								<Index>31</Index>
								<Name>2448*2048</Name>
								<Resolution>2448*2048</Resolution>
								<VideoFrameRate>0,1,2,3,4,5,6,7,8,9,10,11,12,13,14,15,16</VideoFrameRate>
								<VideoBitrate>
									<Min>32</Min>
									<Max>16384</Max>
								</VideoBitrate>
							</VideoResolutionEntry>
							<VideoResolutionEntry>
								<Index>32</Index>
								<Name>2448*1200</Name>
								<Resolution>2448*1200</Resolution>
								<VideoFrameRate>0,1,2,3,4,5,6,7,8,9,10,11,12,13,14,15,16</VideoFrameRate>
								<VideoBitrate>
									<Min>32</Min>
									<Max>16384</Max>
								</VideoBitrate>
							</VideoResolutionEntry>
							<VideoResolutionEntry>
								<Index>33</Index>
								<Name>2448*800</Name>
								<Resolution>2448*800</Resolution>
								<VideoFrameRate>0,1,2,3,4,5,6,7,8,9,10,11,12,13,14,15,16</VideoFrameRate>
								<VideoBitrate>
									<Min>32</Min>
									<Max>16384</Max>
								</VideoBitrate>
							</VideoResolutionEntry>
							<VideoResolutionEntry>
								<Index>34</Index>
								<Name>XGA</Name>
								<Resolution>1024*768</Resolution>
								<VideoFrameRate>0,1,2,3,4,5,6,7,8,9,10,11,12,13,14,15,16</VideoFrameRate>
								<VideoBitrate>
									<Min>32</Min>
									<Max>16384</Max>
								</VideoBitrate>
							</VideoResolutionEntry>
							<VideoResolutionEntry>
								<Index>35</Index>
								<Name>SXGA</Name>
								<Resolution>1280*1024</Resolution>
								<VideoFrameRate>0,1,2,3,4,5,6,7,8,9,10,11,12,13,14,15,16</VideoFrameRate>
								<VideoBitrate>
									<Min>32</Min>
									<Max>16384</Max>
								</VideoBitrate>
							</VideoResolutionEntry>
							<VideoResolutionEntry>
								<Index>36</Index>
								<Name>WD1</Name>
								<Resolution>960*576</Resolution>
								<VideoFrameRate>0,1,2,3,4,5,6,7,8,9,10,11,12,13,14,15,16</VideoFrameRate>
								<VideoBitrate>
									<Min>32</Min>
									<Max>16384</Max>
								</VideoBitrate>
							</VideoResolutionEntry>
							<VideoResolutionEntry>
								<Index>37</Index>
								<Name>1080i</Name>
								<Resolution>1920*1080</Resolution>
								<VideoFrameRate>0,1,2,3,4,5,6,7,8,9,10,11,12,13,14,15,16</VideoFrameRate>
								<VideoBitrate>
									<Min>32</Min>
									<Max>16384</Max>
								</VideoBitrate>
							</VideoResolutionEntry>
						</VideoResolutionList>
						<IntervalBPFrame>
							<Range>2</Range>
						</IntervalBPFrame>
						<EFrame>0</EFrame>
					</EventChannel>
				</ChannelEntry>
			</ChannelList>
		</VideoCompressInfo>
	</AudioVideoCompressInfo>
	<CurrentCompressInfo version="2.0">
		<ChannelNumber>1</ChannelNumber>
		<VideoEncodeType>0</VideoEncodeType>
		<VideoResolution>0</VideoResolution>
		<VideoFrameRate>
			<Range>0,1,2,3,4,5,6,7,8,9,10,11,12,13,14,15,16</Range>
		</VideoFrameRate>
		<VideoBitrate>
			<Min>32</Min>
			<Max>16384</Max>
		</VideoBitrate>
		<SubChannelList>
			<SubChannelEntry>
				<index>1</index>
				<VideoResolutionList>
					<VideoResolutionEntry>
						<Index>0</Index>
						<VideoFrameRate>
							<Range>0,1,2,3,4,5,6,7,8,9,10,11,12,13,14,15,16</Range>
						</VideoFrameRate>
						<VideoBitrate>
							<Min>32</Min>
							<Max>16384</Max>
						</VideoBitrate>
					</VideoResolutionEntry>
					<VideoResolutionEntry>
						<Index>1</Index>
						<VideoFrameRate>
							<Range>0,1,2,3,4,5,6,7,8,9,10,11,12,13,14,15,16</Range>
						</VideoFrameRate>
						<VideoBitrate>
							<Min>32</Min>
							<Max>16384</Max>
						</VideoBitrate>
					</VideoResolutionEntry>
					<VideoResolutionEntry>
						<Index>2</Index>
						<VideoFrameRate>
							<Range>0,1,2,3,4,5,6,7,8,9,10,11,12,13,14,15,16</Range>
						</VideoFrameRate>
						<VideoBitrate>
							<Min>32</Min>
							<Max>16384</Max>
						</VideoBitrate>
					</VideoResolutionEntry>
					<VideoResolutionEntry>
						<Index>3</Index>
						<VideoFrameRate>
							<Range>0,1,2,3,4,5,6,7,8,9,10,11,12,13,14,15,16</Range>
						</VideoFrameRate>
						<VideoBitrate>
							<Min>32</Min>
							<Max>16384</Max>
						</VideoBitrate>
					</VideoResolutionEntry>
					<VideoResolutionEntry>
						<Index>4</Index>
						<VideoFrameRate>
							<Range>0,1,2,3,4,5,6,7,8,9,10,11,12,13,14,15,16</Range>
						</VideoFrameRate>
						<VideoBitrate>
							<Min>32</Min>
							<Max>16384</Max>
						</VideoBitrate>
					</VideoResolutionEntry>
					<VideoResolutionEntry>
						<Index>6</Index>
						<VideoFrameRate>
							<Range>0,1,2,3,4,5,6,7,8,9,10,11,12,13,14,15,16</Range>
						</VideoFrameRate>
						<VideoBitrate>
							<Min>32</Min>
							<Max>16384</Max>
						</VideoBitrate>
					</VideoResolutionEntry>
					<VideoResolutionEntry>
						<Index>12</Index>
						<VideoFrameRate>
							<Range>0,1,2,3,4,5,6,7,8,9,10,11,12,13,14,15,16</Range>
						</VideoFrameRate>
						<VideoBitrate>
							<Min>32</Min>
							<Max>16384</Max>
						</VideoBitrate>
					</VideoResolutionEntry>
					<VideoResolutionEntry>
						<Index>16</Index>
						<VideoFrameRate>
							<Range>0,1,2,3,4,5,6,7,8,9,10,11,12,13,14,15,16</Range>
						</VideoFrameRate>
						<VideoBitrate>
							<Min>32</Min>
							<Max>16384</Max>
						</VideoBitrate>
					</VideoResolutionEntry>
					<VideoResolutionEntry>
						<Index>17</Index>
						<VideoFrameRate>
							<Range>0,1,2,3,4,5,6,7,8,9,10,11,12,13,14,15,16</Range>
						</VideoFrameRate>
						<VideoBitrate>
							<Min>32</Min>
							<Max>16384</Max>
						</VideoBitrate>
					</VideoResolutionEntry>
					<VideoResolutionEntry>
						<Index>18</Index>
						<VideoFrameRate>
							<Range>0,1,2,3,4,5,6,7,8,9,10,11,12,13,14,15,16</Range>
						</VideoFrameRate>
						<VideoBitrate>
							<Min>32</Min>
							<Max>16384</Max>
						</VideoBitrate>
					</VideoResolutionEntry>
					<VideoResolutionEntry>
						<Index>19</Index>
						<VideoFrameRate>
							<Range>0,1,2,3,4,5,6,7,8,9,10,11,12,13,14,15,16</Range>
						</VideoFrameRate>
						<VideoBitrate>
							<Min>32</Min>
							<Max>16384</Max>
						</VideoBitrate>
					</VideoResolutionEntry>
					<VideoResolutionEntry>
						<Index>20</Index>
						<VideoFrameRate>
							<Range>0,1,2,3,4,5,6,7,8,9,10,11,12,13,14,15,16</Range>
						</VideoFrameRate>
						<VideoBitrate>
							<Min>32</Min>
							<Max>16384</Max>
						</VideoBitrate>
					</VideoResolutionEntry>
					<VideoResolutionEntry>
						<Index>21</Index>
						<VideoFrameRate>
							<Range>0,1,2,3,4,5,6,7,8,9,10,11,12,13,14,15,16</Range>
						</VideoFrameRate>
						<VideoBitrate>
							<Min>32</Min>
							<Max>16384</Max>
						</VideoBitrate>
					</VideoResolutionEntry>
					<VideoResolutionEntry>
						<Index>22</Index>
						<VideoFrameRate>
							<Range>0,1,2,3,4,5,6,7,8,9,10,11,12,13,14,15,16</Range>
						</VideoFrameRate>
						<VideoBitrate>
							<Min>32</Min>
							<Max>16384</Max>
						</VideoBitrate>
					</VideoResolutionEntry>
					<VideoResolutionEntry>
						<Index>27</Index>
						<VideoFrameRate>
							<Range>0,1,2,3,4,5,6,7,8,9,10,11,12,13,14,15,16</Range>
						</VideoFrameRate>
						<VideoBitrate>
							<Min>32</Min>
							<Max>16384</Max>
						</VideoBitrate>
					</VideoResolutionEntry>
					<VideoResolutionEntry>
						<Index>28</Index>
						<VideoFrameRate>
							<Range>0,1,2,3,4,5,6,7,8,9,10,11,12,13,14,15,16</Range>
						</VideoFrameRate>
						<VideoBitrate>
							<Min>32</Min>
							<Max>16384</Max>
						</VideoBitrate>
					</VideoResolutionEntry>
					<VideoResolutionEntry>
						<Index>29</Index>
						<VideoFrameRate>
							<Range>0,1,2,3,4,5,6,7,8,9,10,11,12,13,14,15,16</Range>
						</VideoFrameRate>
						<VideoBitrate>
							<Min>32</Min>
							<Max>16384</Max>
						</VideoBitrate>
					</VideoResolutionEntry>
					<VideoResolutionEntry>
						<Index>30</Index>
						<VideoFrameRate>
							<Range>0,1,2,3,4,5,6,7,8,9,10,11,12,13,14,15,16</Range>
						</VideoFrameRate>
						<VideoBitrate>
							<Min>32</Min>
							<Max>16384</Max>
						</VideoBitrate>
					</VideoResolutionEntry>
					<VideoResolutionEntry>
						<Index>31</Index>
						<VideoFrameRate>
							<Range>0,1,2,3,4,5,6,7,8,9,10,11,12,13,14,15,16</Range>
						</VideoFrameRate>
						<VideoBitrate>
							<Min>32</Min>
							<Max>16384</Max>
						</VideoBitrate>
					</VideoResolutionEntry>
					<VideoResolutionEntry>
						<Index>32</Index>
						<VideoFrameRate>
							<Range>0,1,2,3,4,5,6,7,8,9,10,11,12,13,14,15,16</Range>
						</VideoFrameRate>
						<VideoBitrate>
							<Min>32</Min>
							<Max>16384</Max>
						</VideoBitrate>
					</VideoResolutionEntry>
					<VideoResolutionEntry>
						<Index>33</Index>
						<VideoFrameRate>
							<Range>0,1,2,3,4,5,6,7,8,9,10,11,12,13,14,15,16</Range>
						</VideoFrameRate>
						<VideoBitrate>
							<Min>32</Min>
							<Max>16384</Max>
						</VideoBitrate>
					</VideoResolutionEntry>
					<VideoResolutionEntry>
						<Index>34</Index>
						<VideoFrameRate>
							<Range>0,1,2,3,4,5,6,7,8,9,10,11,12,13,14,15,16</Range>
						</VideoFrameRate>
						<VideoBitrate>
							<Min>32</Min>
							<Max>16384</Max>
						</VideoBitrate>
					</VideoResolutionEntry>
					<VideoResolutionEntry>
						<Index>35</Index>
						<VideoFrameRate>
							<Range>0,1,2,3,4,5,6,7,8,9,10,11,12,13,14,15,16</Range>
						</VideoFrameRate>
						<VideoBitrate>
							<Min>32</Min>
							<Max>16384</Max>
						</VideoBitrate>
					</VideoResolutionEntry>
					<VideoResolutionEntry>
						<Index>36</Index>
						<VideoFrameRate>
							<Range>0,1,2,3,4,5,6,7,8,9,10,11,12,13,14,15,16</Range>
						</VideoFrameRate>
						<VideoBitrate>
							<Min>32</Min>
							<Max>16384</Max>
						</VideoBitrate>
					</VideoResolutionEntry>
					<VideoResolutionEntry>
						<Index>37</Index>
						<VideoFrameRate>
							<Range>0,1,2,3,4,5,6,7,8,9,10,11,12,13,14,15,16</Range>
						</VideoFrameRate>
						<VideoBitrate>
							<Min>32</Min>
							<Max>16384</Max>
						</VideoBitrate>
					</VideoResolutionEntry>
				</VideoResolutionList>
			</SubChannelEntry>
		</SubChannelList>
	</CurrentCompressInfo>
	<SerialAbility version="2.0">
		<RS232>
			<RS232Num>1</RS232Num>
			<RS232Entry>
				<baudRate opt="50,75,110,150,300,600,1200,2400,4800,9600,19200,38400,57600,76800,115.2k"/>
				<dataBit opt="5,6,7,8"/>
				<stopBit opt="1,2"/>
				<parity opt="none,odd,even"/>
				<flowcontrol opt="none,hard,soft"/>
				<workMode opt="narrowBand,console,transparentChan"/>
			</RS232Entry>
		</RS232>
		<RS485>
			<RS485Num>1</RS485Num>
			<RS485Entry>
				<baudRate opt="50,75,110,150,300,600,1200,2400,4800,9600,19200,38400,57600,76800,115.2k"/>
				<dataBit opt="5,6,7,8"/>
				<stopBit opt="1,2"/>
				<parity opt="none,odd,even"/>
				<flowcontrol opt="none,hard,soft"/>
				<decoderAddress min="0" max="255"/>
			</RS485Entry>
		</RS485>
	</SerialAbility>
	<UserAbility version="2.0">
		<userNum>16</userNum>
		<userPriority opt="admin,viewer,operator,none"/>
		<userNameLength min="1" max="32"/>
		<userPasswordLength min="1" max="16"/>
		<LocalPermission>
			<permissionType opt="PTZControl,record,playback,parameterConfig,logOrStateCheck,restartOrShutdown,upgrade,backup"/>
		</LocalPermission>
		<RemotePermission>
			<permissionType opt="preview, voiceTalk, alarmOutOrUpload, transParentChannel, contorlLocalOut,PTZControl,record,playback,parameterConfig,logOrStateCheck,restartOrShutdown,upgrade,backup"/>
		</RemotePermission>
		<UserNet>
			<IPV4Address>true</IPV4Address>
			<IPV6Address>true</IPV6Address>
			<MACAddress>true</MACAddress>
		</UserNet>
		<ViewerDefaultPermission>
			<LocalPermission>
				<permissionType opt="PTZControl,record,playback,parameterConfig,logOrStateCheck,restartOrShutdown,upgrade,backup"/>
			</LocalPermission>
			<RemotePermission>
				<permissionType opt="preview, voiceTalk, alarmOutOrUpload, transParentChannel, contorlLocalOut,PTZControl,record,playback,parameterConfig,logOrStateCheck,restartOrShutdown,upgrade,backup"/>
			</RemotePermission>
		</ViewerDefaultPermission>
		<OperatorDefaultPermission>
			<LocalPermission>
				<permissionType opt="PTZControl,record,playback,parameterConfig,logOrStateCheck,restartOrShutdown,upgrade,backup"/>
			</LocalPermission>
			<RemotePermission>
				<permissionType opt="preview, voiceTalk, alarmOutOrUpload, transParentChannel, contorlLocalOut,PTZControl,record,playback,parameterConfig,logOrStateCheck,restartOrShutdown,upgrade,backup"/>
			</RemotePermission>
		</OperatorDefaultPermission>
	</UserAbility>
	<NetAppAbility version="2.0">
		<NTP>
			<intervalUnit>minute</intervalUnit>
		</NTP>
		<Net>
			<NetworkInterface>
				<networkInterfaceNum>2</networkInterfaceNum>
				<NetworkInterfaceEntry>
					<id>1</id>
					<type opt="10Mbase-T,10MBase-T-full,100MBase-TX,100M-full,10M/100M/1000M-adapt,1000M-full"/>
					<MTU min="500" max="1500"/>
				</NetworkInterfaceEntry>
				<NetworkInterfaceEntry>
					<id>2</id>
					<type opt="10Mbase-T,10MBase-T-full,100MBase-TX,100M-full,10M/100M/1000M-adapt,1000M-full"/>
					<MTU min="500" max="1500"/>
				</NetworkInterfaceEntry>
			</NetworkInterface>
			<multicastIpAddr opt="IPV4,IPV6"/>
		</Net>
		<Email>
			<receiverNum>3</receiverNum>
			<emailTest>true</emailTest>
		</Email>
		<UPNP>
			<NATType opt="manual,auto"/>
			<serverPort>
				<enabled>true</enabled>
			</serverPort>
			<HTTPPort>
				<enabled>true</enabled>
			</HTTPPort>
			<RTSPPort>
				<enabled>true</enabled>
			</RTSPPort>
			<dirLevel opt="rootDir,topDir,subDir"/>
			<topDirMode opt="deviceName,deviceNO,deviceIP,monitor,time"/>
			<subDirMode opt="chanName,chanNO,time,laneNO"/>
		</UPNP>
	</NetAppAbility>
	<VideoPicAbility version="2.0">
		<channelNO>1</channelNO>
		<OSD>
			<ChannelName>
				<enabled>true</enabled>
			</ChannelName>
			<Week>
				<enabled>true</enabled>
			</Week>
			<OSDType opt="xxxx-xx-xxYMD,xx-xx-xxxxMDY,xxxxYxxMxxD,xxMxxDxxxxY,xx-xx-xxxxDMY,xxDxxMxxxxY"/>
			<OSDAttrib opt="1,2,3,4"/>
			<OSDHourType opt="24Hour,12Hour"/>
		</OSD>
		<MotionDetection>
			<regionType opt="grid"/>
			<Grid>
				<VideoFormatP>
					<rowGranularity>18</rowGranularity>
					<columnGranularity>22</columnGranularity>
				</VideoFormatP>
				<VideoFormatN>
					<rowGranularity>15</rowGranularity>
					<columnGranularity>22</columnGranularity>
				</VideoFormatN>
			</Grid>
			<sensitivityLevel min="0" max="5"/>
			<alarmTime>4</alarmTime>
			<alarmHandleType opt="monitor,audio,center,alarmout,picture"/>
		</MotionDetection>
		<VILostDetection>
			<alarmTime>4</alarmTime>
			<alarmHandleType opt="monitor,audio,center,alarmout,picture"/>
		</VILostDetection>
		<HideDetection>
			<HideAreaNum>1</HideAreaNum>
			<HideArea>
				<id>1</id>
				<PAL>
					<AreaX min="0" max="704"/>
					<AreaY min="0" max="567"/>
				</PAL>
				<NTSC>
					<AreaX min="0" max="704"/>
					<AreaY min="0" max="480"/>
				</NTSC>
			</HideArea>
			<sensitivity opt="none,low,middle,high"/>
			<alarmTime>4</alarmTime>
			<alarmHandleType opt="monitor,audio,center,alarmout,picture"/>
		</HideDetection>
		<PrivacyMask>
			<PrivacyMaskAreaNum>1</PrivacyMaskAreaNum>
			<PrivacyMaskArea>
				<id>1</id>
				<PAL>
					<AreaX min="0" max="704"/>
					<AreaY min="0" max="567"/>
				</PAL>
				<NTSC>
					<AreaX min="0" max="704"/>
					<AreaY min="0" max="480"/>
				</NTSC>
			</PrivacyMaskArea>
		</PrivacyMask>
	</VideoPicAbility>
	 <RecordAbility version="2.0">
  <Label>true</Label>
  <RecordScheduleNum>8</RecordScheduleNum>
  <PlayBack>
  	<playBackReverseByName>true</playBackReverseByName>
  	<playBackReverseByTime>true</playBackReverseByTime>
  </PlayBack>
 </RecordAbility>
</DecviceAbility>
